id,n24_t,rev24_t,elpsdm_t_t_1,revlast_t_t_1,ordfreq,ordcat
5001,5,186,24,18,1,6
5002,2,30,24,15,1,6
5003,24,362,24,30,1,7
5004,4,41,24,15,1,6
5005,5,59,24,18,1,6
5006,5,90,24,25,1,7
5007,2,30,24,20,1,6
5008,5,76,24,15,1,6
5009,7,64,23,20,1,6
5010,6,80,23,20,1,6
5011,17,187,23,12,1,5
5012,8,119,23,25,1,7
5013,5,63,23,20,1,6
5014,11,109,23,15,1,6
5015,12,187,23,25,1,7
5016,3,29,23,17,1,6
5017,11,143,23,20,1,6
5018,2,35,23,20,1,6
5019,9,110,23,15,1,6
5020,14,138,23,12,1,5
5021,7,84,23,20,1,6
5022,9,86,23,15,1,6
5023,5,69,23,19,1,6
5024,10,146,23,20,1,6
5025,2,40,23,20,1,6
5026,6,80,23,15,1,6
5027,11,123,23,16,1,6
5028,9,111,23,30,1,7
5029,3,29,23,15,1,6
5030,4,37,23,15,1,6
5031,7,81,23,16,1,6
5032,2,40,23,20,1,6
5033,11,141,23,15,1,6
5034,8,67,23,15,1,6
5035,2,53,23,30,1,7
5036,19,58,23,10,1,5
5037,2,32,23,17,1,6
5038,4,34,23,15,1,6
5039,4,66,23,25,1,7
5040,2,40,23,25,1,7
5041,20,170,23,13,1,5
5042,17,203,23,13,1,5
5043,17,257,23,18,1,6
5044,7,52,23,20,1,6
5045,4,27,23,18,1,6
5046,4,44,23,15,1,6
5047,16,442,23,50,1,7
5048,4,47,23,20,1,6
5049,7,151,23,18,1,6
5050,7,42,23,20,1,6
5051,11,97,23,17,1,6
5052,10,105,23,15,1,6
5053,5,76,23,20,1,6
5054,3,48,23,25,1,7
5055,4,43,23,15,1,6
5056,12,153,23,25,1,7
5057,40,290,23,10,2,5
5058,19,126,23,15,1,6
5059,15,147,23,20,1,6
5060,8,113,23,18,1,6
5061,12,117,23,14,1,5
5062,11,135,23,20,1,6
5063,7,220,23,35,1,7
5064,6,67,23,20,1,6
5065,6,91,23,20,1,6
5066,5,80,23,30,1,7
5067,23,286,23,14,1,5
5068,6,52,23,15,1,6
5069,11,180,23,20,1,6
5070,2,21,23,16,1,6
5071,2,45,23,25,1,7
5072,13,149,23,20,1,6
5073,2,45,23,25,1,7
5074,7,129,23,35,1,7
5075,2,25,23,15,1,6
5076,16,92,23,10,1,5
5077,2,32,23,17,1,6
5078,18,268,23,15,1,6
5079,20,106,23,10,1,5
5080,17,119,23,10,1,5
5081,4,60,23,15,1,6
5082,19,176,23,15,1,6
5083,2,25,23,15,1,6
5084,9,95,23,15,1,6
5085,10,165,23,26,1,7
5086,8,256,23,50,1,7
5087,4,54,23,17,1,6
5088,6,52,22,15,1,6
5089,8,99,22,16,1,6
5090,6,72,22,15,1,6
5091,9,110,22,15,1,6
5092,12,92,22,14,1,5
5093,2,30,22,20,1,6
5094,6,102,22,19,1,6
5095,12,143,22,18,1,6
5096,4,75,22,20,1,6
5097,7,76,22,15,1,6
5098,7,95,22,25,1,7
5099,10,75,22,14,1,5
5100,4,60,22,20,1,6
5101,5,100,22,25,1,7
5102,7,98,22,20,1,6
5103,3,25,22,15,1,6
5104,12,140,22,20,1,6
5105,3,45,22,20,1,6
5106,6,55,22,15,1,6
5107,6,52,22,15,1,6
5108,3,65,22,25,1,7
5109,11,191,22,27,1,7
5110,3,45,22,25,1,7
5111,14,930,22,102,1,7
5112,5,82,22,20,1,6
5113,10,153,22,15,1,6
5114,21,215,22,10,1,5
5115,8,165,22,25,1,7
5116,7,200,22,50,1,7
5117,34,531.83,22,20,1,6
5118,9,146,22,25,1,7
5119,5,63,22,15,1,6
5120,4,55,22,16,1,6
5121,3,28,22,16,1,6
5122,4,62,22,30,1,7
5123,9,121,22,17,1,6
5124,10,125,22,20,1,6
5125,4,60,22,18,1,6
5126,24,86,22,10,1,5
5127,7,180,22,25,1,7
5128,5,67,22,17,1,6
5129,6,91,22,14,2,6
5130,7,146,22,24,1,6
5131,25,233,22,12,1,5
5132,1,25,22,25,1,7
5133,3,79,22,37,1,7
5134,2,45,22,25,1,7
5135,2,45,22,25,1,7
5136,14,130,22,10,1,5
5137,5,44,22,20,1,6
5138,7,130,22,15,1,6
5139,5,75,22,20,1,6
5140,1,15,21,15,1,6
5141,2,160,21,80,1,7
5142,9,134,21,24,2,6
5143,11,82,21,8,2,5
5144,11,69,21,15,1,6
5145,8,84,21,15,1,6
5146,9,238,21,27,1,7
5147,4,123,21,36,1,7
5148,1,15,21,15,1,6
5149,7,78,21,18,1,6
5150,18,77,21,11,1,5
5151,20,109.07,21,5,4,4
5152,7,130,21,30,1,7
5153,2,30,21,15,1,6
5154,1,20,21,20,1,6
5155,18,158,21,10,1,5
5156,5,95,21,25,1,7
5157,1,15,21,15,1,6
5158,1,25,21,25,1,7
5159,1,30,21,30,1,7
5160,4,57,21,25,1,7
5161,6,70,21,15,1,6
5162,2,26,21,16,1,6
5163,5,50,21,20,1,6
5164,19,198,21,15,1,6
5165,7,63,21,15,1,6
5166,20,215,21,25,2,7
5167,2,26,21,16,1,6
5168,5,81,21,25,1,7
5169,2,50,21,25,1,7
5170,17,132,21,10,1,5
5171,10,238,21,31,1,7
5172,5,47,21,15,1,6
5173,6,90,21,20,1,6
5174,4,48,21,20,1,6
5175,2,40,21,20,2,6
5176,2,26,21,16,1,6
5177,15,126,21,12,1,5
5178,11,110,21,12,2,5
5179,1,15,21,15,1,6
5180,5,95,21,25,1,7
5181,16,100,21,10,1,5
5182,10,84,21,17,1,6
5183,5,72,21,16,1,6
5184,12,135,21,10,3,5
5185,4,62,21,20,1,6
5186,9,165,21,25,1,7
5187,1,15,21,15,1,6
5188,14,265,21,35,1,7
5189,4,80,21,25,2,7
5190,2,40,21,20,1,6
5191,8,129,21,25,1,7
5192,14,139,21,10,2,6
5193,10,87,21,12,2,5
5194,7,54,21,15,1,6
5195,9,40,21,15,1,6
5196,13,85,21,6,3,4
5197,14,123,21,10,1,5
5198,2,33,21,20,1,6
5199,1,15,21,15,1,6
5200,2,25,21,20,1,6
5201,1,25,21,25,1,7
5202,1,15,21,15,1,6
5203,6,61,21,16,1,6
5204,8,207,21,31,1,7
5205,6,71,21,15,1,6
5206,10,85,21,25,1,7
5207,1,15,21,15,1,6
5208,2,25,21,20,1,6
5209,1,20,21,20,1,6
5210,9,83,21,15,1,6
5211,18,220,21,15,1,6
5212,5,68,21,20,1,6
5213,3,41,21,15,1,6
5214,1,15,21,15,1,6
5215,3,50,21,20,1,6
5216,11,136,21,15,1,6
5217,3,27,21,15,1,6
5218,1,20,21,20,1,6
5219,11,121,21,15,1,6
5220,3,45,21,15,2,6
5221,1,20,21,20,1,6
5222,17,104,21,10,1,5
5223,8,54,21,16,1,6
5224,2,20,21,15,1,6
5225,4,50,21,20,1,6
5226,10,99,21,10,2,5
5227,2,35,21,25,1,7
5228,3,46,21,20,1,6
5229,1,25,21,25,1,7
5230,2,30,21,20,1,6
5231,3,35,21,20,1,6
5232,10,174,21,10,2,5
5233,18,347,21,25,1,7
5234,6,39,21,15,1,6
5235,2,25,21,20,1,6
5236,3,40,21,15,1,6
5237,6,67,21,15,1,6
5238,1,30,21,30,1,7
5239,3,30,21,15,2,6
5240,2,50,21,25,1,7
5241,7,61,21,16,1,6
5242,8,110,21,16,1,6
5243,6,135,20,30,1,7
5244,4,57,20,20,2,6
5245,1,15,20,15,1,6
5246,1,25,20,25,1,7
5247,15,123,20,14,2,5
5248,7,81,20,15,1,6
5249,49,486,20,10,3,5
5250,18,137,20,10,1,5
5251,6,100,20,20,1,6
5252,31,184,20,6,3,4
5253,22,292,20,24,1,6
5254,1,15,20,15,1,6
5255,15,134,20,12,1,5
5256,4,42,20,15,1,6
5257,10,173,20,25,2,7
5258,16,182.31,20,10,1,5
5259,20,267,20,14,1,5
5260,5,61,20,15,2,6
5261,30,272,20,10,1,5
5262,15,170,20,10,2,5
5263,1,25,20,25,1,7
5264,31,399,20,20,4,7
5265,2,30,20,20,1,6
5266,12,128,20,12,2,5
5267,3,36,20,15,1,6
5268,1,25,20,25,1,7
5269,13,202,20,30,2,7
5270,24,145,20,5,2,5
5271,44,601,20,16,4,6
5272,4,48,20,6,2,6
5273,2,55,20,30,1,7
5274,20,151,20,14,2,5
5275,2,32,20,17,1,6
5276,6,72,20,20,1,6
5277,13,140,20,18,3,6
5278,10,146,20,20,1,6
5279,1,22,20,22,1,6
5280,7,91,20,15,3,7
5281,13,170,20,16,1,6
5282,2,40,20,20,1,6
5283,17,205,20,20,1,6
5284,7,155,20,20,1,6
5285,16,110,20,10,1,5
5286,6,175,20,50,1,7
5287,39,208,20,5,3,4
5288,2,50,20,25,1,7
5289,2,25,20,15,1,6
5290,4,47,20,25,1,7
5291,1,20,20,20,1,6
5292,11,117,20,17,2,6
5293,13,151,20,20,1,6
5294,1,15,20,15,1,6
5295,1,15,20,15,1,6
5296,1,20,20,20,1,6
5297,11,335,20,50,2,7
5298,1,20,20,20,1,6
5299,6,53,20,15,1,6
5300,20,142,20,10,3,5
5301,13,258,20,30,1,7
5302,38,129,20,3,3,4
5303,1,25,20,25,1,7
5304,11,166,20,19,1,6
5305,10,101.54,20,12,3,5
5306,1,25,20,25,1,7
5307,1,15,20,15,1,6
5308,12,151,20,20,1,6
5309,18,102,20,10,1,5
5310,4,39,20,16,1,6
5311,24,249,20,12,1,5
5312,36,173,20,33,2,7
5313,16,138,20,11,1,5
5314,9,163,20,28,1,7
5315,15,121,20,11,1,5
5316,12,155,20,14,1,5
5317,6,121,20,32,1,7
5318,4,55,20,15,2,6
5319,5,70,20,25,1,7
5320,1,20,20,20,1,6
5321,21,167,20,10,1,5
5322,2,25,20,20,1,6
5323,7,35,19,5,4,4
5324,14,145,19,15,1,6
5325,6,46,19,10,3,5
5326,12,191,19,15,1,6
5327,4,54,19,20,1,6
5328,13,176,19,16,3,6
5329,3,30,19,10,2,6
5330,12,119,19,11,2,5
5331,7,108,19,20,1,6
5332,11,169,19,40,1,7
5333,13,115,19,9,4,5
5334,16,154,19,20,1,6
5335,9,150,19,25,1,7
5336,10,128,19,14,3,6
5337,36,232,19,8,2,7
5338,5,43,19,10,3,5
5339,1,20,19,20,1,6
5340,17,70,19,5,4,4
5341,25,156,19,5,3,4
5342,7,167,19,50,2,7
5343,2,30,19,20,1,6
5344,4,33,19,15,2,6
5345,10,114,19,15,2,6
5346,6,67,19,15,1,6
5347,10,163,19,25,1,7
5348,2,43,19,20,1,6
5349,25,119,19,5,3,4
5350,6,67,19,15,1,6
5351,12,159,19,20,3,6
5352,5,36,19,18,1,6
5353,7,90,19,15,1,6
5354,17,106,19,8,3,4
5355,7,72,19,15,1,6
5356,10,88,19,10,2,6
5357,3,32,19,20,1,6
5358,21,157,19,12,2,5
5359,2,65,19,50,1,7
5360,6,100,19,20,3,6
5361,3,60,19,20,2,6
5362,3,32,19,15,2,6
5363,25,489,19,25,3,7
5364,7,52,19,10,3,5
5365,4,47,19,12,2,6
5366,14,99,19,12,1,5
5367,2,25,19,15,1,6
5368,5,76,19,20,2,6
5369,13,167,19,10,1,5
5370,4,50,19,20,1,6
5371,7,80,19,16,2,6
5372,7,158,19,26,2,7
5373,2,20,19,15,1,6
5374,3,60,19,20,2,6
5375,8,71,19,10,3,5
5376,5,81,19,25,3,7
5377,7,98,19,20,1,6
5378,8,118,19,20,2,6
5379,11,144,19,20,1,6
5380,1,23,18,23,1,6
5381,22,207,18,20,1,6
5382,19,171,18,11,2,5
5383,3,31,18,15,1,6
5384,1,15,18,15,1,6
5385,5,82,18,20,1,6
5386,3,30,18,15,1,6
5387,4,77,18,23,2,6
5388,13,191,18,25,1,7
5389,16,52,18,5,3,4
5390,5,70,18,20,1,6
5391,1,25,18,25,1,7
5392,9,72,18,10,3,5
5393,9,187,18,30,1,7
5394,3,30,18,15,1,6
5395,2,26,18,16,1,6
5396,2,40,18,20,1,6
5397,17,182,18,17,1,6
5398,3,45,18,20,1,6
5399,6,56,18,16,1,6
5400,2,25,18,15,1,6
5401,9,47,18,7,4,4
5402,2,26,18,16,1,6
5403,1,20,18,20,1,6
5404,7,27,18,5,4,4
5405,21,235,18,10,2,6
5406,5,80,18,20,2,6
5407,6,27,18,10,3,5
5408,15,206,18,20,1,6
5409,47,148,18,3,3,4
5410,14,319,18,10,2,6
5411,2,22,18,17,1,6
5412,3,55,18,25,1,7
5413,4,33,18,15,1,6
5414,11,54,18,5,4,4
5415,1,15,18,15,1,6
5416,12,323,18,100,4,7
5417,1,25,18,25,1,7
5418,13,67,18,7,4,4
5419,5,50,18,10,3,5
5420,1,25,18,25,1,7
5421,3,32,18,20,1,6
5422,11,100,18,10,2,5
5423,14,130,18,15,2,6
5424,5,72,18,25,1,7
5425,8,55,18,15,1,6
5426,15,210,18,21,2,6
5427,5,58,18,20,2,6
5428,1,15,18,15,1,6
5429,1,20,18,20,1,6
5430,15,121,18,16,1,6
5431,1,25,18,25,1,7
5432,2,32,18,22,1,6
5433,23,194,18,11,1,5
5434,1,20,18,20,1,6
5435,2,45,18,25,1,7
5436,2,45,18,25,1,7
5437,14,119,18,9,2,5
5438,2,25,18,15,2,6
5439,8,55,18,15,1,6
5440,3,45,18,20,1,6
5441,1,15,18,15,1,6
5442,1,15,18,15,1,6
5443,6,105,18,25,1,7
5444,1,16,18,16,1,6
5445,7,89,18,20,1,6
5446,10,91,18,15,3,6
5447,6,100,18,25,2,7
5448,6,41,18,10,3,5
5449,15,108,18,12,1,5
5450,12,139,18,15,1,6
5451,1,25,18,25,1,7
5452,1,25,18,25,1,7
5453,1,15,18,15,1,6
5454,9,99,18,17,1,6
5455,1,15,18,15,1,6
5456,10,112,18,10,2,5
5457,16,204,18,26,2,7
5458,2,26,18,16,1,6
5459,12,106,18,15,1,6
5460,3,55,18,25,1,7
5461,9,244,18,25,1,7
5462,2,50,18,25,1,7
5463,1,15,18,15,1,6
5464,6,74,18,15,3,6
5465,4,34,18,10,3,5
5466,5,120,18,30,1,7
5467,5,115,18,30,2,7
5468,10,175.5,18,32,2,7
5469,3,65,18,20,2,7
5470,4,61,18,21,2,6
5471,2,20,18,15,1,6
5472,1,15,18,15,1,6
5473,1,23,18,23,1,6
5474,1,20,18,20,1,6
5475,2,50,18,25,1,7
5476,1,15,18,15,1,6
5477,5,30,18,10,3,5
5478,25,243,18,10,4,5
5479,7,71,18,15,2,6
5480,13,144,18,16,1,6
5481,3,45,18,20,1,6
5482,10,69,18,10,3,5
5483,1,20,18,20,1,6
5484,2,30,18,15,2,6
5485,13,257,18,25,2,7
5486,1,20,18,20,1,6
5487,1,15,18,15,1,6
5488,3,41,18,25,1,7
5489,24,124,18,10,3,5
5490,15,128,18,10,2,5
5491,1,15,18,15,1,6
5492,3,53,18,17,2,6
5493,4,46,18,15,1,6
5494,4,52,18,13,3,6
5495,7,105,18,20,3,6
5496,3,34,18,18,1,6
5497,8,86,18,16,4,6
5498,9,52,18,8,4,5
5499,4,53,18,16,2,6
5500,3,60,18,25,1,7
5501,18,118,18,10,1,5
5502,2,40,18,25,1,7
5503,4,42,18,12,3,5
5504,25,108,18,8,4,4
5505,9,150,18,20,1,6
5506,11,104,18,12,2,5
5507,63,746,18,13,3,6
5508,7,46,18,15,1,6
5509,7,65,18,10,3,5
5510,10,97,18,13,2,5
5511,1,15,18,15,1,6
5512,6,190,18,36,1,7
5513,14,143,18,10,2,5
5514,2,32,18,17,2,6
5515,15,102.06,18,12,1,5
5516,7,103,18,17,1,6
5517,1,50,18,50,1,7
5518,5,120,18,20,1,6
5519,21,142,18,10,1,5
5520,1,15,18,15,1,6
5521,6,49,18,10,3,5
5522,11,149,18,25,1,7
5523,6,111,17,22,2,7
5524,6,99,17,26,2,7
5525,9,140,17,15,2,6
5526,6,61,17,9,4,5
5527,6,74,17,20,1,6
5528,5,98,17,20,1,6
5529,3,36,17,16,1,6
5530,14,108,17,12,1,5
5531,11,107,17,15,1,6
5532,34,226.25,17,25,1,7
5533,1,15,17,15,1,6
5534,10,123,17,16,1,6
5535,2,40,17,15,2,7
5536,32,172,17,5,3,4
5537,15,132,17,10,1,5
5538,1,15,17,15,1,6
5539,5,110,17,30,2,7
5540,11,72,17,7,4,5
5541,21,116.5,17,10,3,5
5542,32,618,17,36,2,7
5543,11,65,17,11,3,5
5544,5,57,17,12,4,5
5545,14,122,17,5,3,5
5546,4,52,17,15,2,6
5547,17,114,17,10,1,5
5548,1,15,17,15,1,6
5549,1,25,17,25,1,7
5550,2,22,17,17,1,6
5551,1,15,17,15,1,6
5552,2,28,17,18,2,6
5553,4,46,17,15,2,6
5554,5,69.05,17,15,2,6
5555,1,20,17,20,1,6
5556,9,155,17,20,2,6
5557,19,170,17,15,2,6
5558,5,90,17,25,1,7
5559,5,89,17,18,4,6
5560,1,15,17,15,1,6
5561,10,70,17,13,2,5
5562,5,52,17,20,1,6
5563,1,20,17,20,1,6
5564,12,61,17,20,1,6
5565,5,80,17,20,1,6
5566,2,40,17,15,2,7
5567,15,93,17,10,2,5
5568,36,92,17,2,4,4
5569,15,120,17,10,2,5
5570,1,25,17,25,1,7
5571,1,25,17,25,1,7
5572,1,20,17,20,1,6
5573,9,167,17,25,3,7
5574,1,15,17,15,1,6
5575,9,83.65,17,20,1,6
5576,5,85,17,15,1,6
5577,1,25,17,25,1,7
5578,5,81,17,25,1,7
5579,1,20,17,20,1,6
5580,6,74,17,17,1,6
5581,1,20,17,20,1,6
5582,1,20,17,20,1,6
5583,4,41,17,14,2,6
5584,14,101,17,12,2,5
5585,6,73,17,20,1,6
5586,17,214,17,20,1,6
5587,3,55,17,15,1,6
5588,19,169,17,13,1,5
5589,4,33,17,5,3,6
5590,6,62,17,18,1,6
5591,1,25,17,25,1,7
5592,23,148,17,6,3,4
5593,5,78,17,19,1,6
5594,1,25,17,25,1,7
5595,1,15,17,15,1,6
5596,1,25,17,25,1,7
5597,1,15,17,15,1,6
5598,10,136,17,15,3,6
5599,14,218,17,21,1,6
5600,6,46,17,10,3,5
5601,14,245,17,25,4,7
5602,3,31,17,15,1,6
5603,1,20,17,20,1,6
5604,27,880,17,50,1,7
5605,2,20,17,5,2,6
5606,1,23,17,23,1,6
5607,3,32,17,12,2,6
5608,2,25,17,15,1,6
5609,28,96,17,3,3,4
5610,10,129,17,15,2,6
5611,1,25,17,25,1,7
5612,3,60,17,20,1,6
5613,1,15,17,15,1,6
5614,1,15,17,15,1,6
5615,2,30,17,20,1,6
5616,16,110,17,5,3,4
5617,3,30,17,20,2,6
5618,1,25,17,25,1,7
5619,5,77,17,25,1,7
5620,13,73,17,7,2,5
5621,1,20,17,20,1,6
5622,1,15,17,15,1,6
5623,20,100,16,5,4,4
5624,13,65,16,6,4,4
5625,10,54,16,7,4,4
5626,10,77,16,10,4,5
5627,1,20,16,20,1,6
5628,16,128,16,12,1,5
5629,7,63,16,6,3,5
5630,22,131,16,5,3,5
5631,9,98,16,15,1,6
5632,6,48,16,5,3,5
5633,3,27,16,15,1,6
5634,35,104,16,5,3,4
5635,4,25,16,10,3,5
5636,6,100,16,20,4,6
5637,16,87,16,10,1,5
5638,4,34,16,15,1,6
5639,38,247,16,10,1,5
5640,3,20,16,5,3,5
5641,3,55,16,25,1,7
5642,12,107,16,15,3,6
5643,11,83,16,3,3,5
5644,3,30,16,15,1,6
5645,18,72,16,5,3,4
5646,8,45,16,7,4,4
5647,3,30,16,15,1,6
5648,33,152,16,5,4,4
5649,6,80,16,20,1,6
5650,10,55,16,8,3,5
5651,13,108,16,10,3,5
5652,3,46,16,20,1,6
5653,11,127,16,17,2,6
5654,16,89,16,7,3,6
5655,12,86,16,10,3,5
5656,5,62,16,20,1,6
5657,16,116,16,13,2,5
5658,1,20,16,20,1,6
5659,31,84,16,3,3,5
5660,15,124,16,5,3,5
5661,4,30,16,10,4,5
5662,5,165,16,100,1,7
5663,11,90,16,11,4,5
5664,12,205,16,25,2,7
5665,14,95,16,10,2,5
5666,2,50,16,25,1,7
5667,2,25,16,15,2,6
5668,8,96,16,25,3,7
5669,2,35,16,20,1,6
5670,14,117,16,15,2,6
5671,6,48,16,6,4,5
5672,13,131,16,25,2,7
5673,1,20,16,20,1,6
5674,2,40,16,20,1,6
5675,5,39,16,15,1,6
5676,17,140,16,15,1,6
5677,10,115,16,17,1,6
5678,9,70,16,15,2,6
5679,8,50,16,10,3,5
5680,10,73,16,14,2,5
5681,25,210,16,10,3,5
5682,4,90,16,30,1,7
5683,20,166,16,10,2,5
5684,16,111,16,10,2,5
5685,9,158,16,25,1,7
5686,4,70,16,25,1,7
5687,6,57,16,15,1,6
5688,13,136,16,17,1,6
5689,12,84,16,10,2,5
5690,2,75,16,50,1,7
5691,7,115,16,25,2,7
5692,9,56,16,5,3,5
5693,3,45,16,20,1,6
5694,1,15,16,15,1,6
5695,11,115,16,10,1,5
5696,13,67,16,5,4,4
5697,6,56,16,15,1,6
5698,16,170,16,15,2,6
5699,9,98,16,10,2,5
5700,3,31,16,15,1,6
5701,3,38,16,20,1,6
5702,7,59,16,20,1,6
5703,7,156,16,15,3,6
5704,3,27,16,9,2,6
5705,7,64,16,15,1,6
5706,4,38,16,15,1,6
5707,2,30,16,15,1,6
5708,13,134,16,14,1,5
5709,12,227,16,20,1,6
5710,15,78,16,15,2,6
5711,4,29,16,10,3,5
5712,1,15,16,15,1,6
5713,5,170,16,50,1,7
5714,7,134,16,26,1,7
5715,26,185,16,15,1,6
5716,2,30,16,20,1,6
5717,13,190,16,21,3,6
5718,1,15,16,15,1,6
5719,1,15,16,15,1,6
5720,5,63,16,16,1,6
5721,3,37,16,15,2,6
5722,9,186,16,30,2,7
5723,11,86,16,10,2,5
5724,1,15,16,15,1,6
5725,6,35,16,5,4,4
5726,6,59,16,15,1,6
5727,5,50,16,20,2,6
5728,11,103,16,10,1,5
5729,5,104,16,25,2,7
5730,13,150,16,10,1,5
5731,25,117,16,5,3,4
5732,15,119,16,11,1,5
5733,14,209,16,21,2,7
5734,17,163,16,10,1,5
5735,8,75,16,15,1,6
5736,7,97,16,25,1,7
5737,2,21,16,6,2,6
5738,5,34,16,6,4,4
5739,16,91,16,7,2,5
5740,1,20,16,20,1,6
5741,12,130,16,16,1,6
5742,6,60,16,15,1,6
5743,3,60,16,20,1,6
5744,9,81,16,16,1,6
5745,2,40,16,20,1,6
5746,3,55,16,25,1,7
5747,8,115,16,10,3,7
5748,3,31,16,15,1,6
5749,2,30,16,20,1,6
5750,3,67,16,27,1,7
5751,6,65,16,15,1,6
5752,8,73,16,15,2,6
5753,16,162,16,20,2,6
5754,19,76,16,10,2,5
5755,1,15,16,15,1,6
5756,15,138,16,10,3,5
5757,5,79,16,25,1,7
5758,1,20,16,20,1,6
5759,14,114.07,16,14,1,5
5760,3,32,16,12,3,5
5761,2,40,16,20,2,6
5762,18,89,16,5,4,4
5763,6,67,16,15,1,6
5764,8,114,16,18,1,6
5765,7,42,16,5,4,4
5766,21,154,16,8,3,4
5767,20,159,16,14,1,5
5768,18,64,16,10,2,5
5769,29,387,16,10,3,5
5770,2,25,16,15,1,6
5771,14,83,16,10,2,5
5772,20,81.25,16,12,2,5
5773,3,45,16,20,2,6
5774,2,30,16,15,2,6
5775,2,20,16,15,1,6
5776,22,229.01,16,10,3,6
5777,12,114,16,11,1,5
5778,12,143,16,20,1,6
5779,11,84,16,20,2,6
5780,8,72.5,16,14,4,5
5781,10,88,16,15,2,6
5782,10,137,16,20,2,6
5783,8,94,16,15,1,6
5784,2,32,16,17,1,6
5785,3,24,16,16,2,6
5786,6,68,16,15,1,6
5787,2,20,16,5,2,6
5788,9,138,15,20,1,6
5789,7,105,15,15,3,6
5790,15,190,15,15,2,6
5791,2,26,15,20,1,6
5792,14,135.59,15,10,3,6
5793,4,75,15,50,2,7
5794,20,307,15,25,2,7
5795,18,81,15,6,4,4
5796,6,127,15,30,1,7
5797,2,25,15,20,1,6
5798,12,70,15,5,3,4
5799,12,216,15,31,3,7
5800,10,53,15,7,4,4
5801,9,87,15,20,2,6
5802,9,89,15,16,2,6
5803,11,100,15,13,4,5
5804,35,623,15,27,4,7
5805,15,146,15,15,1,6
5806,5,35,15,6,3,5
5807,2,25,15,20,2,6
5808,5,61,15,20,1,6
5809,11,363,15,70,2,7
5810,7,90,15,15,2,6
5811,3,35,15,20,2,6
5812,18,151,15,10,2,5
5813,6,142,15,32,1,7
5814,6,72,15,20,2,6
5815,17,160,15,10,3,5
5816,16,127,15,6,4,5
5817,8,63,15,6,4,5
5818,3,35,15,15,2,6
5819,18,377,15,25,4,7
5820,19,106,15,12,1,5
5821,17,142,15,6,1,5
5822,5,85,15,20,1,6
5823,10,75,15,8,4,4
5824,3,20,15,10,3,5
5825,14,98,15,10,2,5
5826,12,133,15,13,3,5
5827,11,84,15,8,4,5
5828,4,50,15,14,3,5
5829,2,40,15,25,1,7
5830,14,145,15,16,2,6
5831,8,54,15,8,3,5
5832,15,114,15,13,1,5
5833,12,82,15,8,2,5
5834,25,77,15,3,4,4
5835,4,46,15,15,3,6
5836,15,91,15,10,4,5
5837,25,183,15,10,2,5
5838,11,108,15,25,2,7
5839,7,64,15,15,1,6
5840,8,190,15,25,1,7
5841,5,91,15,30,2,7
5842,17,84,15,12,2,5
5843,9,106,15,30,2,7
5844,36,341,15,10,4,5
5845,2,55,15,30,2,7
5846,41,153,15,6,4,4
5847,20,280,15,10,1,5
5848,2,30,15,20,1,6
5849,17,135,15,10,1,5
5850,6,32,15,7,4,4
5851,11,49,15,2,4,5
5852,2,30,15,15,1,6
5853,2,35,15,20,2,6
5854,16,72,15,5,4,4
5855,6,60,15,15,1,6
5856,21,251,15,14,1,5
5857,14,210,15,20,1,6
5858,6,115,15,25,1,7
5859,3,35,15,17,1,6
5860,14,146,15,10,2,5
5861,12,116,15,16,3,6
5862,29,116.5,15,5,3,4
5863,13,228,15,20,1,6
5864,10,83,15,12,2,5
5865,5,57,15,15,1,6
5866,12,100,15,10,4,5
5867,2,55,15,30,2,7
5868,21,103,15,5,3,4
5869,3,57,15,25,1,7
5870,20,238,15,15,2,7
5871,22,97,15,5,3,4
5872,6,63,15,20,2,6
5873,7,135,15,25,1,7
5874,10,71,15,15,1,6
5875,25,180,15,10,3,5
5876,1,25,15,25,1,7
5877,14,62,15,5,4,4
5878,16,51.5,15,3,4,4
5879,2,30,15,15,1,6
5880,2,30,15,20,1,6
5881,28,108,15,10,2,5
5882,12,94,15,10,2,5
5883,10,69,15,20,1,6
5884,6,82,15,12,4,6
5885,6,92,15,23,1,6
5886,6,75,15,15,2,6
5887,8,87,15,15,2,6
5888,16,179,15,17,1,6
5889,14,382,15,43,3,7
5890,25,183,15,11,3,5
5891,6,130,15,25,1,7
5892,6,73,15,20,1,6
5893,36,320,15,12,4,5
5894,15,188,15,10,2,7
5895,15,51,15,6,3,4
5896,11,77,15,12,2,5
5897,3,50,15,20,2,6
5898,13,233,15,25,3,7
5899,13,91,15,12,2,5
5900,6,54,15,10,3,5
5901,16,182,15,5,3,4
5902,9,73,15,15,3,6
5903,1,16,15,16,1,6
5904,13,89,15,15,1,6
5905,1,15,15,15,1,6
5906,11,180,15,20,4,7
5907,16,213,15,10,2,6
5908,14,79,15,10,2,5
5909,2,40,15,30,2,7
5910,13,118,15,12,4,5
5911,17,184,15,8,4,6
5912,7,195,15,50,3,7
5913,3,30,15,15,1,6
5914,25,412,15,20,4,7
5915,26,164,15,10,2,5
5916,19,107,15,10,2,5
5917,19,87.25,15,5,3,4
5918,8,135,15,50,2,7
5919,7,47,15,10,3,5
5920,7,125,15,40,4,7
5921,3,27,15,15,1,6
5922,9,69,15,15,4,6
5923,5,61,15,15,1,6
5924,9,112,15,25,1,7
5925,7,105,15,10,4,5
5926,3,40,15,20,1,6
5927,10,83,15,12,3,5
5928,24,144,15,11,1,5
5929,1,15,15,15,1,6
5930,5,27,15,6,3,5
5931,14,112,15,6,2,5
5932,10,119,15,20,1,6
5933,9,185,15,30,4,7
5934,29,84.75,15,10,1,5
5935,13,86,15,10,2,5
5936,3,45,15,20,2,6
5937,11,58,15,4,4,4
5938,10,194,15,17,2,6
5939,4,67,15,20,1,6
5940,10,231,15,25,2,7
5941,21,91,15,10,1,5
5942,10,115,15,20,2,6
5943,3,34,15,22,1,6
5944,2,75,15,40,1,7
5945,12,117,15,10,1,5
5946,14,182,15,25,4,7
5947,8,55,15,5,4,5
5948,2,30,15,20,2,6
5949,5,100,15,20,1,6
5950,2,40,15,20,1,6
5951,10,85,15,15,1,6
5952,20,116,15,10,3,5
5953,7,92,15,15,1,6
5954,6,32,15,10,3,5
5955,7,55,15,15,2,6
5956,6,70,15,20,1,6
5957,11,124,15,17,2,6
5958,7,74,15,22,1,6
5959,2,30,15,20,1,6
5960,5,56,15,12,3,5
5961,5,95,15,25,1,7
5962,9,105,15,15,2,6
5963,1,25,15,25,1,7
5964,10,250,15,45,2,7
5965,5,64,15,22,1,6
5966,13,66,15,10,4,5
5967,2,26,15,16,1,6
5968,12,120,15,10,1,5
5969,36,147,15,10,4,5
5970,23,287,15,20,4,6
5971,12,218,15,21,3,7
5972,9,220,15,50,2,7
5973,8,66,15,11,3,5
5974,19,136,15,5,2,6
5975,12,106,15,10,2,5
5976,20,518,15,100,2,7
5977,2,55,15,25,2,7
5978,5,44,15,13,4,5
5979,18,112,15,10,2,5
5980,6,79,15,25,3,7
5981,6,45,15,10,3,5
5982,6,43,15,10,3,5
5983,5,42,15,15,1,6
5984,4,60,15,25,1,7
5985,8,56,15,10,4,5
5986,3,35,15,10,2,6
5987,15,176,15,25,3,7
5988,2,42,15,22,1,6
5989,11,297,15,35,1,7
5990,9,160,15,20,3,7
5991,15,139,15,10,1,5
5992,3,23,15,7,3,5
5993,12,170,15,20,1,6
5994,7,49,15,5,3,5
5995,24,455,15,30,1,7
5996,5,50,15,10,3,5
5997,12,85,15,10,3,5
5998,4,44,15,15,1,6
5999,13,128,15,10,1,5
6000,19,146,15,15,3,6
6001,2,30,15,25,1,7
6002,8,82,15,17,1,6
6003,5,51,15,15,1,6
6004,7,65,15,15,1,6
6005,18,185,15,15,1,6
6006,10,75,15,13,2,5
6007,4,36,15,10,3,5
6008,5,91,15,25,1,7
6009,15,156,15,10,4,5
6010,3,35,15,20,1,6
6011,5,82,15,22,1,6
6012,8,87,15,10,3,5
6013,30,153,15,7,4,4
6014,2,25,15,15,1,6
6015,3,40,15,20,2,6
6016,16,125,15,10,3,5
6017,11,47,15,5,4,4
6018,5,74,15,29,1,7
6019,16,108,15,10,2,5
6020,17,157,15,10,2,5
6021,15,77,15,8,2,5
6022,22,463,15,25,4,7
6023,13,129,15,16,4,6
6024,17,296,15,10,2,6
6025,9,117,15,20,1,6
6026,4,40,15,10,4,6
6027,3,50,15,10,3,7
6028,32,144,15,7,4,4
6029,2,20,15,15,1,6
6030,21,175,15,5,3,5
6031,20,172,15,10,1,5
6032,11,112,15,17,1,6
6033,2,28,15,20,1,6
6034,17,135,15,15,3,6
6035,4,32,15,10,3,5
6036,8,52,15,10,3,5
6037,9,99,15,20,1,6
6038,32,197,15,6,4,4
6039,19,508,15,25,3,7
6040,9,87,15,25,2,7
6041,20,119,15,10,3,5
6042,31,107,15,6,4,4
6043,6,170,15,45,1,7
6044,2,20,15,15,1,6
6045,8,107,15,20,1,6
6046,12,125,15,20,1,6
6047,1,15,15,15,1,6
6048,4,60,15,25,1,7
6049,10,130,15,25,2,7
6050,10,292,15,50,2,7
6051,9,80,15,20,2,6
6052,6,34,15,6,4,5
6053,21,200,15,12,4,5
6054,5,52,15,15,1,6
6055,3,44,15,20,2,6
6056,5,95,15,25,1,7
6057,5,39,15,10,3,5
6058,3,80,15,30,1,7
6059,4,31,15,10,3,5
6060,9,46,15,4,4,4
6061,7,95,15,15,2,6
6062,10,118,15,15,2,6
6063,14,178.5,15,20,1,6
6064,10,86,15,15,2,6
6065,25,449,15,25,3,7
6066,13,284.1,15,30,3,7
6067,4,31,15,5,3,5
6068,11,94,15,10,3,5
6069,3,42,15,20,1,6
6070,2,30,15,20,1,6
6071,7,62,15,15,1,6
6072,16,106,15,20,2,6
6073,2,30,15,20,2,6
6074,5,76,15,25,2,7
6075,9,69.25,15,20,1,6
6076,1,15,15,15,1,6
6077,6,35,15,10,4,5
6078,18,230,15,16,4,6
6079,17,146,15,10,1,5
6080,11,120,15,13,4,6
6081,2,30,15,20,1,6
6082,5,55,15,15,1,6
6083,12,96.5,15,10,3,5
6084,2,20,15,15,1,6
6085,6,168,15,10,3,7
6086,6,76,15,10,2,6
6087,6,125,15,20,4,6
6088,14,95,15,17,1,6
6089,21,168,15,35,1,7
6090,13,91,15,13,2,5
6091,7,54,15,10,4,5
6092,11,164,15,51,1,7
6093,5,58,15,12,3,6
6094,3,40,15,10,2,7
6095,4,71,15,19,1,6
6096,12,405,15,60,2,7
6097,3,30,15,15,2,6
6098,8,120,15,19,1,6
6099,3,60,15,25,1,7
6100,3,36,15,20,1,6
6101,7,79,15,17,2,6
6102,9,132,15,22,1,6
6103,11,78,15,11,2,5
6104,5,50,15,15,1,6
6105,11,160,15,50,1,7
6106,5,64,15,24,1,6
6107,12,137,15,15,2,6
6108,7,70,15,15,1,6
6109,16,90,15,5,3,5
6110,8,103,15,25,1,7
6111,16,148,15,15,1,6
6112,2,25,15,15,1,6
6113,6,56,15,15,1,6
6114,10,79,15,18,3,6
6115,6,80,15,15,1,6
6116,10,86,15,12,2,5
6117,5,72,15,20,1,6
6118,15,139,15,14,1,5
6119,11,132,15,20,1,6
6120,21,193,15,10,2,5
6121,8,240,15,50,2,7
6122,7,83,15,15,2,6
6123,3,19,15,6,3,5
6124,21,226,15,10,4,6
6125,11,122,15,12,3,6
6126,4,45,15,10,3,6
6127,11,276,15,25,3,7
6128,29,142,15,5,4,4
6129,5,82,15,20,2,6
6130,2,25,15,15,1,6
6131,13,162,15,5,4,6
6132,5,39,15,10,3,5
6133,15,241,15,20,3,6
6134,15,105,15,10,1,5
6135,15,157,15,12,1,5
6136,14,78,15,12,1,5
6137,19,155,15,10,1,5
6138,24,108,15,5,4,4
6139,12,137,15,12,1,5
6140,5,26,15,4,3,5
6141,12,110,15,15,1,6
6142,10,197,15,25,2,7
6143,3,86,15,31,1,7
6144,7,85,15,21,1,6
6145,6,70,15,17,1,6
6146,39,152,15,10,4,5
6147,6,138,15,29,2,7
6148,2,26,15,21,1,6
6149,27,138,15,5,3,4
6150,3,47,15,22,1,6
6151,2,92,15,72,1,7
6152,7,113,15,20,1,6
6153,7,49,15,10,3,5
6154,2,52,15,27,1,7
6155,5,52,15,15,2,6
6156,12,214,15,20,2,7
6157,5,66,15,25,1,7
6158,7,97,15,25,1,7
6159,21,111,15,5,4,4
6160,4,94,15,27,3,7
6161,10,113,15,17,1,6
6162,17,141,15,14,1,5
6163,8,69,15,13,3,5
6164,4,40,15,15,1,6
6165,11,90,15,10,3,5
6166,8,75,15,15,1,6
6167,8,102,15,15,1,6
6168,20,314,15,22,1,6
6169,3,60,15,25,1,7
6170,11,103,15,13,2,6
6171,3,25,15,15,2,6
6172,19,145,15,15,4,6
6173,8,120,15,20,3,6
6174,16,79,15,10,1,5
6175,5,37,15,9,4,4
6176,5,38,15,10,3,5
6177,3,27,15,7,3,6
6178,2,45,15,25,2,7
6179,2,32,15,17,1,6
6180,5,42,15,11,3,5
6181,25,115.75,15,8,4,5
6182,10,107,15,15,1,6
6183,16,91,15,10,1,5
6184,5,39,15,15,1,6
6185,25,188,15,12,2,5
6186,14,125,15,6,3,5
6187,17,101,15,10,1,5
6188,26,190,15,10,4,5
6189,7,61,15,25,1,7
6190,5,39,15,15,1,6
6191,5,55,15,15,3,6
6192,3,45,15,20,1,6
6193,11,51,15,5,4,4
6194,13,88,15,10,2,5
6195,7,64,15,12,3,5
6196,6,40,15,15,1,6
6197,6,39,15,7,3,5
6198,21,184,14,12,2,5
6199,6,66,14,15,2,6
6200,17,47,14,2,4,4
6201,9,82,14,15,1,6
6202,15,66,14,10,4,5
6203,2,20,14,15,1,6
6204,25,319,14,250,1,7
6205,29,128.5,14,3,4,4
6206,9,95,14,17,1,6
6207,15,195,14,15,2,6
6208,15,124,14,10,3,5
6209,16,98,14,6,4,4
6210,1,20,14,20,1,6
6211,12,171,14,21,2,6
6212,12,117,14,13,4,5
6213,4,30,14,10,3,5
6214,22,168,14,12,1,5
6215,22,145,14,9,4,4
6216,1,15,14,15,1,6
6217,1,15,14,15,1,6
6218,4,35,14,5,3,5
6219,8,118,14,17,4,6
6220,14,81,14,9,4,5
6221,12,97,14,10,4,6
6222,6,127,14,20,1,6
6223,1,15,14,15,1,6
6224,9,89,14,10,3,5
6225,6,54,14,6,3,5
6226,3,42,14,17,2,6
6227,4,50,14,5,2,6
6228,1,15,14,15,1,6
6229,7,72,14,10,3,6
6230,19,196,14,10,3,5
6231,16,100,14,8,3,4
6232,3,32,14,17,1,6
6233,18,96,14,5,4,4
6234,19,87.25,14,7,3,4
6235,1,18,14,18,1,6
6236,4,44,14,20,1,6
6237,8,75,14,12,3,5
6238,55,1174,14,25,4,7
6239,11,115,14,20,2,7
6240,29,76.5,14,2,4,4
6241,9,60,14,8,4,4
6242,3,29,14,15,2,6
6243,38,145,14,5,4,4
6244,4,70,14,30,2,7
6245,5,49,14,12,3,5
6246,13,111,14,10,4,5
6247,7,51,14,10,3,5
6248,8,87,14,25,1,7
6249,14,1190,14,100,1,7
6250,31,132,14,5,4,4
6251,8,80,14,12,4,5
6252,13,157,14,14,4,5
6253,3,42,14,20,1,6
6254,11,62,14,11,2,5
6255,1,15,14,15,1,6
6256,22,166.45,14,11,2,5
6257,7,88,14,20,3,6
6258,29,251,14,10,2,5
6259,3,42,14,20,2,6
6260,1,20,14,20,1,6
6261,1,15,14,15,1,6
6262,24,66,14,5,4,4
6263,4,46,14,20,1,6
6264,43,165,14,6,4,6
6265,9,31,14,5,4,4
6266,1,15,14,15,1,6
6267,11,120,14,17,1,6
6268,20,109,14,9,4,5
6269,7,67,14,17,3,6
6270,4,104,14,20,1,6
6271,1,25,14,25,1,7
6272,17,272,14,10,1,5
6273,7,50,14,10,4,5
6274,4,42,14,5,3,6
6275,24,72,14,5,3,4
6276,19,88,14,5,3,4
6277,3,31,14,15,2,6
6278,19,113,14,11,1,5
6279,3,45,14,20,2,6
6280,6,83,14,21,1,6
6281,2,35,14,20,1,6
6282,7,157,14,100,3,7
6283,1,15,14,15,1,6
6284,6,54,14,15,2,6
6285,1,15,14,15,1,6
6286,5,29,14,7,4,4
6287,22,99,14,6,3,4
6288,19,114,14,11,2,5
6289,1,20,14,20,1,6
6290,6,68,14,15,1,6
6291,8,77.25,14,18,1,6
6292,3,40,14,20,2,6
6293,2,40,14,20,2,6
6294,5,42,14,15,1,6
6295,1,20,14,20,1,6
6296,8,156,14,26,1,7
6297,37,90,14,5,4,4
6298,8,88,14,12,2,5
6299,22,121.5,14,20,2,6
6300,13,163,14,17,2,6
6301,3,75,14,50,2,7
6302,1,20,14,20,1,6
6303,18,140,14,11,2,5
6304,32,159,14,4,4,4
6305,20,211,14,15,2,6
6306,4,42,14,12,3,6
6307,1,15,14,15,1,6
6308,22,208,14,6,4,6
6309,26,111,14,5,3,4
6310,9,135,14,20,1,6
6311,42,352,14,15,4,6
6312,2,170,14,150,1,7
6313,6,27,14,6,4,4
6314,3,47,14,17,2,6
6315,5,63,14,15,1,6
6316,2,35,14,25,1,7
6317,28,187,14,10,4,5
6318,11,190,14,20,1,6
6319,6,91,14,15,1,6
6320,3,65,14,35,1,7
6321,6,87,14,17,2,6
6322,4,48,14,17,2,6
6323,10,48,14,5,4,4
6324,14,72,14,5,3,4
6325,15,194,14,10,4,7
6326,6,79,14,15,2,6
6327,27,630,14,25,4,7
6328,2,25,14,20,1,6
6329,11,148,14,13,2,5
6330,13,147,14,14,2,5
6331,6,62,14,16,1,6
6332,4,40,14,11,2,6
6333,2,30,14,20,1,6
6334,5,50,14,5,4,6
6335,6,28,14,5,4,4
6336,6,90,14,50,1,7
6337,7,53,14,10,4,5
6338,15,77,14,7,3,4
6339,5,51,14,15,1,6
6340,14,43,14,5,4,4
6341,11,92,14,20,4,6
6342,26,249,14,14,3,5
6343,5,50,14,10,4,6
6344,9,263,14,50,1,7
6345,5,48,14,10,4,5
6346,2,30,14,15,2,6
6347,1,30,14,30,1,7
6348,1,20,14,20,1,6
6349,1,25,14,25,1,7
6350,7,110,14,20,1,6
6351,3,40,14,25,1,7
6352,49,369,14,20,4,6
6353,40,181,14,6,4,4
6354,14,155,14,20,1,6
6355,4,72,14,20,1,6
6356,2,26,14,21,2,6
6357,3,44,14,20,1,6
6358,18,145,14,14,4,6
6359,17,113,14,10,1,5
6360,4,42,14,15,1,6
6361,6,106,14,25,2,7
6362,6,35,14,5,4,4
6363,6,43,14,10,3,5
6364,16,85,14,8,3,4
6365,1,20,14,20,1,6
6366,3,73,14,29,1,7
6367,2,36,14,26,2,7
6368,13,91,14,22,1,6
6369,1,15,14,15,1,6
6370,1,25,14,25,1,7
6371,16,120,14,12,2,5
6372,8,269,14,50,1,7
6373,19,445,14,25,1,7
6374,8,57,14,15,2,6
6375,8,93,14,25,1,7
6376,8,74,14,25,1,7
6377,23,246,14,10,3,5
6378,4,50,14,25,1,7
6379,1,20,14,20,1,6
6380,11,97,14,10,4,5
6381,7,123,14,27,1,7
6382,5,63,14,19,1,6
6383,4,39,14,16,2,6
6384,8,80,14,16,2,6
6385,24,229,14,15,4,6
6386,2,30,14,20,2,6
6387,3,55,14,25,1,7
6388,4,38,14,15,1,6
6389,25,178,14,10,4,5
6390,15,120,14,10,4,5
6391,8,47,14,10,4,5
6392,22,166,14,5,4,5
6393,3,77,14,27,2,7
6394,10,120,14,20,1,6
6395,2,45,14,25,1,7
6396,5,80,14,30,2,7
6397,2,30,14,20,2,6
6398,14,74,14,5,3,4
6399,4,49.5,14,17,1,6
6400,1,20,14,20,1,6
6401,30,122,14,2,4,4
6402,7,69,14,15,3,6
6403,15,145,14,10,1,5
6404,1,25,14,25,1,7
6405,1,20,14,20,1,6
6406,17,142,14,5,3,5
6407,34,143,14,5,3,4
6408,2,20,14,15,2,6
6409,5,55,14,20,1,6
6410,5,64,14,25,1,7
6411,9,61,14,10,3,5
6412,7,62,14,5,2,6
6413,16,115,14,10,4,5
6414,10,87,14,15,2,6
6415,12,127,14,16,1,6
6416,18,112,14,12,1,5
6417,1,15,14,15,1,6
6418,11,133,14,15,1,6
6419,21,107,14,5,4,4
6420,1,25,14,25,1,7
6421,44,376.25,14,9,4,5
6422,5,80,14,20,1,6
6423,21,156,14,5,2,5
6424,13,74,14,12,2,5
6425,3,30,14,15,1,6
6426,23,145,14,25,1,7
6427,1,15,14,15,1,6
6428,1,15,14,15,1,6
6429,1,25,14,25,1,7
6430,8,75,14,15,1,6
6431,15,91.5,14,11,2,5
6432,15,120,14,12,1,5
6433,4,47,14,20,3,6
6434,1,25,14,25,1,7
6435,3,26,14,10,3,5
6436,7,47,14,15,1,6
6437,23,294,14,20,2,6
6438,8,117,14,30,2,7
6439,5,55,14,15,1,6
6440,1,15,13,15,1,6
6441,12,104,13,14,4,5
6442,8,49,13,5,3,5
6443,1,15,13,15,1,6
6444,14,63,13,6,4,4
6445,7,170,13,25,2,7
6446,1,25,13,25,1,7
6447,1,15,13,15,1,6
6448,28,182,13,5,4,4
6449,12,83,13,9,4,4
6450,5,73,13,17,3,6
6451,13,74,13,5,3,4
6452,1,20,13,20,1,6
6453,8,90,13,24,1,6
6454,12,120,13,15,1,6
6455,14,141,13,17,2,6
6456,1,15,13,15,1,6
6457,6,46,13,15,1,6
6458,11,103,13,10,3,5
6459,11,76,13,10,4,5
6460,8,77,13,15,2,6
6461,3,31,13,15,2,6
6462,12,86,13,11,4,5
6463,6,95,13,25,2,7
6464,1,18,13,18,1,6
6465,4,39,13,11,3,5
6466,14,160,13,17,2,6
6467,5,32,13,10,3,5
6468,12,107,13,12,2,5
6469,5,38,13,10,4,5
6470,41,123,13,5,4,4
6471,10,72,13,15,3,6
6472,5,60,13,20,3,6
6473,16,147,13,12,4,5
6474,5,27,13,7,4,4
6475,19,95,13,7,3,4
6476,14,74,13,6,4,4
6477,10,68,13,10,3,5
6478,10,95,13,12,2,5
6479,8,39,13,5,4,4
6480,14,222,13,15,2,6
6481,1,25,13,25,1,7
6482,12,126,13,10,2,5
6483,9,121,13,16,2,6
6484,7,78,13,10,2,6
6485,19,190,13,10,2,5
6486,19,361,13,15,3,6
6487,1,15,13,15,1,6
6488,17,166,13,20,3,6
6489,23,73,13,3,3,4
6490,6,87,13,20,1,6
6491,7,115,13,20,2,6
6492,13,120,13,9,3,5
6493,8,67,13,10,3,6
6494,6,33,13,7,4,4
6495,3,55,13,10,3,7
6496,6,51,13,20,1,6
6497,9,154,13,30,1,7
6498,5,111,13,26,3,7
6499,7,91,13,17,2,6
6500,1,15,13,15,1,6
6501,1,15,13,15,1,6
6502,2,25,13,15,2,6
6503,7,66,13,20,1,6
6504,2,25,13,15,2,6
6505,8,158,13,20,3,6
6506,4,35,13,10,3,5
6507,20,215,13,20,3,6
6508,2,25,13,20,1,6
6509,1,25,13,25,1,7
6510,5,61,13,13,3,5
6511,9,85,13,15,2,6
6512,2,50,13,25,2,7
6513,11,149,13,25,3,7
6514,15,132,13,9,4,5
6515,1,20,13,20,1,6
6516,10,95,13,15,1,6
6517,8,56,13,10,3,5
6518,1,20,13,20,1,6
6519,5,29,13,6,3,5
6520,16,152,13,11,1,5
6521,6,67,13,15,2,6
6522,5,32,13,8,4,4
6523,4,65,13,20,1,6
6524,28,81,13,5,3,5
6525,1,23,13,23,1,6
6526,14,80,13,5,4,5
6527,8,86,13,20,1,6
6528,11,69,13,10,4,5
6529,7,455,13,25,1,7
6530,11,57,13,7,4,4
6531,2,50,13,25,2,7
6532,5,45,13,5,3,5
6533,5,75,13,20,1,6
6534,12,108,13,11,4,5
6535,17,91,13,10,2,5
6536,15,158,13,12,3,5
6537,4,34,13,11,3,5
6538,1,30,13,30,1,7
6539,1,15,13,15,1,6
6540,4,40,13,10,3,5
6541,15,121,13,10,2,5
6542,1,15,13,15,1,6
6543,13,83,13,13,2,5
6544,2,20,13,15,2,6
6545,8,108,13,20,3,6
6546,4,40,13,10,1,6
6547,32,387,13,12,1,5
6548,13,122,13,10,2,6
6549,1,20,13,20,1,6
6550,1,20,13,20,1,6
6551,20,442,13,35,2,7
6552,12,61,13,10,2,5
6553,29,103,13,5,3,4
6554,12,350,13,50,1,7
6555,1,25,13,25,1,7
6556,36,347,13,10,3,5
6557,10,92,13,10,4,6
6558,4,66,13,19,2,6
6559,4,44,13,12,3,5
6560,8,42,13,8,4,4
6561,18,88,13,7,3,4
6562,1,25,13,25,1,7
6563,27,385,13,16,2,7
6564,5,37,13,10,4,5
6565,1,24,13,24,1,6
6566,8,118,13,18,2,6
6567,6,85,13,20,4,6
6568,4,24,13,10,4,5
6569,8,117,13,30,2,7
6570,11,89,13,13,2,5
6571,1,15,13,15,1,6
6572,1,15,13,15,1,6
6573,7,58,13,10,3,5
6574,5,67,13,19,1,6
6575,12,164,13,15,2,6
6576,11,74,13,10,4,5
6577,3,155,13,100,1,7
6578,22,55,13,2,4,4
6579,16,94,13,11,1,5
6580,10,92,13,12,3,5
6581,1,20,13,20,1,6
6582,1,100,13,100,1,7
6583,5,31,13,7,3,5
6584,1,25,13,25,1,7
6585,13,108,13,10,2,5
6586,10,78,13,25,1,7
6587,5,72,13,18,2,6
6588,1,18,13,18,1,6
6589,13,57,13,4,4,4
6590,4,30,13,9,3,5
6591,6,85,13,15,2,6
6592,12,118,13,10,1,5
6593,22,74,13,5,3,4
6594,1,20,13,20,1,6
6595,14,100,13,11,2,5
6596,12,124,13,10,2,5
6597,1,20,13,20,1,6
6598,1,25,13,25,1,7
6599,7,36,13,10,4,5
6600,10,66,13,12,2,5
6601,8,101,13,20,2,6
6602,13,222,13,25,1,7
6603,1,42,13,42,1,7
6604,2,100,13,50,2,7
6605,8,160,13,23,1,6
6606,10,138,13,15,2,6
6607,16,110,13,7,3,4
6608,1,15,13,15,1,6
6609,15,131,13,10,2,5
6610,30,236,13,12,3,5
6611,21,74,13,5,4,4
6612,3,90,13,25,2,7
6613,4,57,13,15,2,6
6614,8,59,13,10,4,5
6615,11,122,13,15,4,6
6616,14,102,13,5,3,4
6617,4,115,13,30,3,7
6618,1,20,13,20,1,6
6619,12,133,13,20,1,6
6620,3,30,13,20,2,6
6621,15,182,13,15,3,6
6622,2,30,13,20,2,6
6623,8,56,13,12,3,5
6624,11,254,13,10,3,7
6625,4,42,13,20,3,6
6626,2,33,13,18,1,6
6627,1,15,13,15,1,6
6628,21,161,13,10,4,5
6629,7,30,13,4,4,4
6630,2,30,13,15,1,6
6631,10,117,13,14,1,5
6632,15,81,13,5,3,4
6633,11,51,13,12,2,5
6634,3,27,13,15,1,6
6635,2,25,13,15,2,6
6636,1,15,13,15,1,6
6637,12,105,13,10,2,6
6638,3,22,13,7,3,5
6639,1,15,13,15,1,6
6640,6,107,13,20,3,7
6641,4,40,13,10,3,5
6642,13,89,13,6,4,5
6643,20,160,13,10,3,5
6644,11,44,13,5,4,4
6645,9,88,13,10,2,6
6646,12,143,13,11,3,5
6647,1,25,13,25,1,7
6648,7,77,13,15,4,6
6649,19,320,13,20,4,7
6650,1,25,13,25,1,7
6651,1,15,13,15,1,6
6652,1,20,13,20,1,6
6653,3,55,13,25,2,7
6654,2,35,13,25,2,7
6655,1,15,13,15,1,6
6656,8,53,13,15,2,6
6657,13,59,13,10,4,5
6658,11,60,13,5,4,5
6659,1,15,13,15,1,6
6660,4,50,13,10,3,6
6661,1,15,13,15,1,6
6662,1,25,13,25,1,7
6663,2,30,13,20,2,6
6664,9,119,13,18,1,6
6665,20,140,13,10,2,5
6666,7,46,13,10,4,5
6667,1,15,13,15,1,6
6668,1,15,13,15,1,6
6669,11,114,12,10,3,6
6670,6,42,12,10,4,5
6671,17,152,12,12,3,5
6672,5,48,12,6,4,5
6673,27,281,12,40,4,7
6674,4,41,12,16,2,6
6675,11,181,12,18,4,7
6676,4,32,12,7,3,5
6677,18,391,12,6,4,7
6678,4,49,12,15,1,6
6679,14,133,12,14,2,5
6680,9,101,12,15,2,6
6681,1,25,12,25,1,7
6682,7,69,12,16,4,6
6683,13,116,12,6,4,5
6684,2,50,12,35,1,7
6685,8,75,12,15,1,6
6686,15,83,12,9,4,5
6687,22,94,12,6,4,4
6688,6,31,12,5,4,4
6689,21,214,12,16,1,6
6690,3,105,12,30,1,7
6691,9,140,12,30,2,7
6692,44,258,12,4,4,4
6693,2,29,12,6,2,6
6694,27,100,12,3,3,4
6695,27,259,12,27,3,7
6696,7,377,12,100,3,7
6697,14,71,12,5,3,4
6698,12,71,12,6,4,4
6699,14,82,12,5,3,4
6700,14,115,12,11,4,5
6701,10,94,12,12,2,5
6702,18,98,12,10,2,5
6703,12,77,12,10,2,5
6704,4,48,12,13,3,6
6705,3,60,12,10,3,7
6706,37,157,12,6,4,4
6707,3,30,12,15,1,6
6708,21,69,12,3,4,4
6709,6,115,12,20,4,7
6710,7,45,12,5,3,5
6711,4,27,12,7,3,5
6712,7,60,12,10,4,5
6713,4,40,12,10,3,5
6714,6,66,12,16,3,6
6715,20,113,12,5,3,4
6716,17,189,12,16,2,6
6717,2,26,12,6,2,6
6718,8,54,12,10,3,5
6719,3,37,12,15,3,6
6720,3,46,12,10,2,6
6721,16,71,12,5,3,4
6722,5,45,12,10,4,5
6723,20,82,12,3,4,4
6724,12,133,12,20,3,6
6725,7,58,12,5,4,5
6726,2,25,12,20,1,6
6727,8,94,12,17,2,6
6728,22,120,12,3,4,5
6729,3,83,12,50,1,7
6730,1,15,12,15,1,6
6731,9,108,12,20,1,6
6732,8,59,12,8,4,4
6733,5,29,12,7,4,4
6734,5,58,12,10,4,6
6735,7,54,12,10,3,5
6736,8,52,12,11,4,5
6737,5,90,12,25,2,7
6738,3,30,12,10,3,5
6739,15,71,12,4,4,4
6740,33,328,12,20,3,7
6741,5,56,12,14,3,5
6742,2,30,12,20,2,6
6743,15,162,12,25,3,7
6744,7,49,12,8,4,4
6745,13,102,12,10,2,5
6746,4,23,12,5,3,5
6747,12,54.25,12,10,2,5
6748,32,232,12,10,4,5
6749,1,50,12,50,1,7
6750,3,30,12,10,3,5
6751,6,42,12,5,4,5
6752,2,26,12,16,1,6
6753,13,85,12,10,2,5
6754,2,50,12,25,1,7
6755,20,162,12,6,1,5
6756,5,100,12,25,2,7
6757,7,70,12,4,4,5
6758,12,63,12,8,3,4
6759,3,22,12,6,3,5
6760,11,214,12,10,1,5
6761,21,85,12,14,4,5
6762,6,29,12,5,4,4
6763,2,40,12,30,1,7
6764,19,120,12,20,1,6
6765,24,88,12,5,4,4
6766,1,25,12,25,1,7
6767,3,44,12,18,1,6
6768,8,69.5,12,10,4,6
6769,2,23,12,20,1,6
6770,4,35,12,10,3,5
6771,3,20,12,10,3,5
6772,20,99,12,5,3,4
6773,7,58,12,9,3,5
6774,5,43,12,15,1,6
6775,8,94,12,20,4,6
6776,1,50,12,50,1,7
6777,9,62,12,10,3,5
6778,41,161,12,4,4,4
6779,3,22,12,11,3,5
6780,5,65,12,10,1,7
6781,13,158,12,20,3,6
6782,8,98,12,20,4,6
6783,20,90,12,5,3,4
6784,3,22,12,10,3,5
6785,11,138,12,15,1,6
6786,30,454,12,10,1,5
6787,7,70,12,15,1,6
6788,6,47,12,10,3,5
6789,7,34,12,3,4,4
6790,11,68,12,7,4,4
6791,4,31,12,8,3,5
6792,4,46,12,25,1,7
6793,12,426,12,75,2,7
6794,8,63,12,10,4,5
6795,11,92,12,11,3,5
6796,5,44,12,20,1,6
6797,16,132,12,13,1,5
6798,3,22,12,6,3,5
6799,35,349,12,25,4,7
6800,3,22,12,10,3,5
6801,2,20,12,15,1,6
6802,14,106,12,7,2,6
6803,12,123,12,12,2,5
6804,3,25,12,10,3,5
6805,6,53,12,10,4,5
6806,8,28,12,3,4,4
6807,6,125,12,25,1,7
6808,8,120,12,10,2,5
6809,16,196,12,15,2,6
6810,6,92,12,20,4,7
6811,1,25,12,25,1,7
6812,4,37,12,15,2,6
6813,6,51,12,20,2,6
6814,18,142,12,10,2,5
6815,6,82,12,20,1,6
6816,8,95,12,20,2,7
6817,18,93,12,12,1,5
6818,13,155,12,10,1,5
6819,3,30,12,15,1,6
6820,36,462,12,6,4,5
6821,8,77,12,15,3,6
6822,18,99,12,8,3,4
6823,6,112,12,25,1,7
6824,2,26,12,16,1,6
6825,29,63,12,1,4,4
6826,31,140.04,12,5,3,4
6827,12,117.5,12,15,1,6
6828,6,56,12,17,1,6
6829,10,86,12,10,3,5
6830,3,22,12,11,3,5
6831,12,100,12,10,3,5
6832,14,143,12,10,1,5
6833,1,50,12,50,1,7
6834,20,124,12,6,3,5
6835,15,86,12,15,2,6
6836,1,20,12,20,1,6
6837,5,33,12,7,3,5
6838,7,65,12,20,1,6
6839,7,41,12,11,4,5
6840,2,250,12,50,2,7
6841,2,30,12,20,2,6
6842,10,103,12,16,2,6
6843,24,101,12,4,4,4
6844,21,158,12,8,4,5
6845,13,103,12,15,1,6
6846,10,56.37,12,5,4,4
6847,6,23,12,5,4,4
6848,1,15,12,15,1,6
6849,5,31,12,7,4,4
6850,37,309,12,5,3,5
6851,3,42,12,20,2,6
6852,8,53,12,8,4,4
6853,1,20,12,20,1,6
6854,7,44,12,5,4,5
6855,2,30,12,20,1,6
6856,27,155,12,5,4,4
6857,15,84,12,3,4,4
6858,7,61,12,11,3,5
6859,3,79,12,27,1,7
6860,18,133,12,8,4,4
6861,26,365,12,15,2,7
6862,25,156,12,5,3,4
6863,23,287,12,10,1,5
6864,4,45,12,5,2,6
6865,21,127,12,5,4,4
6866,5,95,12,25,1,7
6867,2,21,12,6,2,6
6868,34,133,12,5,4,4
6869,3,21,12,11,3,5
6870,4,23,12,5,3,5
6871,4,41,12,15,2,6
6872,6,74,12,13,4,6
6873,10,83,12,10,4,5
6874,8,63,12,15,4,6
6875,10,83,12,10,3,5
6876,13,146,12,10,3,6
6877,3,28,12,20,1,6
6878,10,93,12,10,2,6
6879,11,153,12,17,2,6
6880,3,30,12,10,3,5
6881,2,50,12,25,1,7
6882,1,25,12,25,1,7
6883,8,87,12,10,4,6
6884,1,20,12,20,1,6
6885,5,30,12,8,4,4
6886,16,76,11,5,4,4
6887,2,40,11,20,1,6
6888,9,80,11,10,2,5
6889,5,65,11,15,1,6
6890,10,186,10,5,4,6
6891,14,93,10,7,2,5
6892,15,119,10,10,4,5
6893,14,152,10,15,3,5
6894,27,222,10,10,1,5
6895,24,212,10,10,1,5
6896,9,185,10,20,4,7
6897,17,118,10,10,1,6
6898,11,134,10,15,3,6
6899,35,720,10,19,1,6
6900,4,75,10,25,2,6
6901,12,97,10,10,4,5
6902,36,235,9,3,2,5
6903,16,204,9,10,3,7
6904,4,109,9,0,1,7
6905,4,35,9,8,1,6
6906,14,121,9,0,1,5
6907,7,31,9,5,4,4
6908,11,184,8,15,2,6
6909,3,45,7,10,1,7
6910,5,344,7,50,1,7
6911,2,30,7,10,1,6
6912,16,209,7,15,2,7
6913,22,150,6,8,3,5
6914,13,92,6,3,1,6
6915,3,23,6,3,1,6
6916,21,83,6,3,4,5
6917,10,130,6,15,1,6
6918,30,178,6,9,4,4
6919,31,556,6,20,3,7
6920,16,197,5,30,2,6
6921,12,94,5,11,2,5
6922,7,60,5,0,4,5
6923,10,153,5,20,4,6
6924,16,81,5,5,3,4
6925,6,74,5,0,1,6
6926,28,154,5,5,4,4
6927,31,234,5,9,2,5
6928,24,156,5,6,4,4
6929,22,278,5,28,4,6
6930,33,373,5,20,3,6
6931,11,99,5,10,1,6
6932,8,105,5,0,1,6
6933,5,52,5,0,1,6
6934,27,297,4,15,1,6
6935,14,174,4,14,2,6
6936,8,104,4,17,1,6
6937,15,194,4,15,2,6
6938,7,68,4,15,3,5
6939,3,51,4,16,1,7
6940,21,209,4,14,2,5
6941,22,193,4,12,1,5
6942,19,245,3,25,1,6
6943,32,287,3,5,3,5
6944,4,75,3,25,1,6
6945,6,155,3,50,2,7
6946,29,270,3,15,4,5
6947,26,268,3,10,1,5
6948,13,65,3,3,4,4
6949,30,156,3,20,4,5
6950,8,74,3,15,2,6
6951,23,189,3,10,3,5
6952,12,215,3,25,2,6
6953,8,78,3,10,2,6
6954,31,274,3,10,1,5
6955,14,179,3,25,1,5
6956,14,217,3,20,2,7
6957,10,525,3,100,1,7
6958,11,112,3,11,3,6
6959,43,383,3,13,3,5
6960,21,198,3,10,2,5
6961,31,258,3,5,1,5
6962,9,99,3,13,1,6
6963,5,75,3,25,1,7
6964,16,186,2,14,2,6
6965,26,348,2,20,1,5
6966,10,75,2,20,3,5
6967,6,72,2,19,1,6
6968,22,70,2,3,4,4
6969,34,190.5,2,7,3,4
6970,23,216,2,20,4,4
6971,17,144,2,10,4,5
6972,36,269,2,10,3,5
6973,5,92,2,26,2,6
6974,30,83,2,1,4,4
6975,2,30,2,0,1,6
6976,30,274,2,10,1,5
6977,22,171,2,10,2,5
6978,15,140,2,14,4,6
6979,9,92,2,10,4,5
6980,4,45,2,10,2,6
6981,46,632,1,15,1,7
6982,27,206,1,10,3,5
6983,8,97,1,15,1,6
6984,5,620,1,100,1,7
6985,15,146,1,0,3,5
6986,2,25,1,0,1,6
6987,8,145,1,0,1,6
6988,30,191,1,10,3,4
6989,19,431,1,25,3,7
6990,26,225,1,15,2,6
6991,9,112,1,25,1,6
6992,8,141,1,0,2,6
6993,6,49,1,0,2,6
6994,19,199,1,0,1,6
6995,40,402,1,13,1,5
6996,9,165,1,0,1,7
6997,11,149,1,15,3,6
6998,18,161,1,13,2,5
6999,26,427,1,25,4,7
7000,9,125,1,0,1,6
