,id,n24,rev24,revlast,elpsdm,ordfreq,ordcat,response
0,1,2.0,30.0,20.0,23.0,1,6,1
1,2,25.0,207.0,20.0,23.0,1,6,0
2,3,5.0,52.0,15.0,23.0,1,6,0
3,4,11.0,105.0,15.0,23.0,1,6,0
4,5,2.0,32.0,17.0,23.0,1,6,0
5,6,7.0,73.0,20.0,23.0,1,6,1
6,7,6.0,78.0,18.0,23.0,1,6,1
7,8,2.0,40.0,25.0,23.0,1,7,1
8,9,11.0,163.0,20.0,23.0,1,6,1
9,10,6.0,130.0,20.0,23.0,1,6,1
10,11,13.0,101.0,17.0,23.0,1,6,1
11,12,13.0,169.0,17.0,23.0,1,6,1
12,13,13.0,130.0,34.0,23.0,1,7,1
13,14,13.0,137.0,20.0,23.0,1,6,1
14,15,2.0,55.0,35.0,23.0,1,7,1
15,16,20.0,143.0,15.0,23.0,1,6,1
16,17,11.0,130.0,20.0,23.0,1,6,1
17,18,12.0,91.0,15.0,23.0,1,6,1
18,19,3.0,26.0,15.0,23.0,1,6,1
19,20,4.0,55.0,20.0,23.0,1,6,1
20,21,3.0,43.0,15.0,23.0,1,6,1
21,22,6.0,55.0,20.0,23.0,1,6,1
22,23,2.0,25.0,15.0,23.0,1,6,1
23,24,21.0,117.0,10.0,23.0,1,5,0
24,25,12.0,171.0,20.0,23.0,1,6,0
25,26,5.0,73.0,25.0,23.0,1,7,0
26,27,2.0,30.0,15.0,23.0,1,6,0
27,28,14.0,203.0,25.0,23.0,1,7,0
28,29,2.0,25.0,15.0,23.0,1,6,0
29,30,5.0,49.0,15.0,23.0,1,6,0
30,31,14.0,97.0,12.0,23.0,1,5,0
31,32,16.0,174.0,25.0,23.0,1,7,0
32,33,6.0,156.0,18.0,23.0,1,6,0
33,34,5.0,62.0,20.0,23.0,1,6,0
34,35,9.0,92.0,20.0,23.0,1,6,0
35,36,8.0,103.0,15.0,23.0,1,6,0
36,37,23.0,158.25,12.0,23.0,1,5,0
37,38,22.0,150.0,12.0,23.0,1,5,0
38,39,8.0,124.0,25.0,23.0,1,7,0
39,40,4.0,110.0,30.0,23.0,2,7,0
40,41,4.0,44.0,18.0,23.0,1,6,0
41,42,7.0,70.0,20.0,23.0,1,6,0
42,43,3.0,160.0,35.0,23.0,1,7,0
43,44,19.0,210.0,14.0,23.0,1,5,0
44,45,4.0,63.0,25.0,23.0,1,7,0
45,46,3.0,45.0,25.0,23.0,1,7,0
46,47,7.0,100.0,25.0,23.0,1,7,0
47,48,19.0,106.0,12.0,23.0,1,5,0
48,49,6.0,58.0,15.0,23.0,1,6,0
49,50,2.0,45.0,25.0,23.0,1,7,0
50,51,2.0,25.0,20.0,23.0,1,6,0
51,52,23.0,225.0,10.0,23.0,1,5,0
52,53,4.0,60.0,33.0,23.0,1,7,0
53,54,13.0,109.0,15.0,23.0,1,6,0
54,55,12.0,166.0,16.0,23.0,1,6,0
55,56,13.0,138.0,25.0,23.0,1,7,0
56,57,4.0,38.0,16.0,23.0,1,6,0
57,58,10.0,132.0,15.0,23.0,1,6,0
58,59,9.0,98.0,16.0,23.0,1,6,0
59,60,6.0,69.0,15.0,23.0,1,6,0
60,61,7.0,81.0,15.0,23.0,1,6,0
61,62,14.0,113.0,10.0,23.0,1,5,0
62,63,7.0,103.0,19.0,23.0,1,6,0
63,64,3.0,45.0,20.0,23.0,1,6,0
64,65,3.0,44.0,20.0,23.0,1,6,0
65,66,8.0,105.0,25.0,23.0,1,7,0
66,67,5.0,110.0,25.0,23.0,1,7,0
67,68,1.0,20.0,20.0,23.0,1,6,0
68,69,6.0,173.0,35.0,23.0,1,7,0
69,70,9.0,93.0,20.0,23.0,1,6,0
70,71,5.0,52.0,15.0,23.0,1,6,0
71,72,6.0,185.0,20.0,23.0,1,6,0
72,73,11.0,145.0,18.0,23.0,1,6,0
73,74,11.0,135.0,15.0,23.0,1,6,1
74,75,16.0,140.0,15.0,23.0,1,6,0
75,76,9.0,79.0,15.0,23.0,1,6,0
76,77,4.0,46.0,16.0,23.0,1,6,0
77,78,7.0,61.0,20.0,23.0,1,6,0
78,79,5.0,55.0,16.0,23.0,1,6,0
79,80,3.0,35.0,15.0,23.0,1,6,0
80,81,6.0,80.0,20.0,23.0,1,6,0
81,82,18.0,119.0,11.0,23.0,1,5,0
82,83,18.0,111.0,11.0,23.0,1,5,0
83,84,7.0,100.0,25.0,23.0,1,7,0
84,85,7.0,94.0,20.0,23.0,1,6,0
85,86,5.0,72.0,15.0,23.0,2,7,0
86,87,13.0,136.06,17.0,23.0,1,6,0
87,88,2.0,40.0,20.0,23.0,1,6,0
88,89,9.0,110.0,16.0,23.0,1,6,0
89,90,12.0,157.0,17.0,23.0,1,6,0
90,91,19.0,147.0,10.0,23.0,1,5,0
91,92,2.0,20.0,15.0,23.0,1,6,0
92,93,6.0,69.0,17.0,23.0,1,6,0
93,94,6.0,67.0,20.0,23.0,1,6,0
94,95,7.0,77.0,25.0,23.0,1,7,0
95,96,10.0,97.0,15.0,23.0,1,6,0
96,97,8.0,108.0,20.0,23.0,1,6,0
97,98,3.0,65.0,25.0,23.0,1,7,0
98,99,19.0,161.0,13.0,23.0,1,5,0
99,100,15.0,119.0,10.0,23.0,1,5,0
100,101,23.0,232.0,15.0,23.0,1,6,0
101,102,10.0,150.0,16.0,23.0,1,6,0
102,103,2.0,30.0,20.0,22.0,1,6,1
103,104,18.0,158.0,10.0,22.0,1,5,1
104,105,16.0,97.0,10.0,22.0,1,5,0
105,106,6.0,83.0,17.0,22.0,1,6,0
106,107,15.0,127.0,10.0,22.0,1,5,0
107,108,7.0,108.0,15.0,22.0,1,6,0
108,109,5.0,40.0,15.0,22.0,1,6,0
109,110,3.0,37.0,17.0,22.0,1,6,0
110,111,7.0,57.0,15.0,22.0,1,6,0
111,112,29.0,260.5,10.0,22.0,3,5,1
112,113,5.0,41.0,15.0,22.0,1,6,0
113,114,7.0,135.0,25.0,22.0,1,7,0
114,115,11.0,200.0,25.0,22.0,1,7,0
115,116,7.0,72.0,15.0,22.0,1,6,0
116,117,5.0,115.0,28.0,22.0,1,7,0
117,118,2.0,75.0,35.0,22.0,1,7,0
118,119,9.0,142.0,20.0,22.0,1,6,0
119,120,3.0,42.0,20.0,22.0,1,6,0
120,121,11.0,107.0,17.0,22.0,1,6,0
121,122,9.0,116.0,15.0,22.0,1,6,0
122,123,12.0,168.0,12.0,22.0,1,5,0
123,124,10.0,201.0,28.0,22.0,1,7,0
124,125,9.0,102.0,16.0,22.0,1,6,0
125,126,29.0,265.03125,21.0,22.0,1,6,0
126,127,12.0,205.0,35.0,22.0,1,7,0
127,128,3.0,38.0,15.0,22.0,1,6,0
128,129,13.0,105.0,10.0,22.0,2,5,0
129,130,12.0,158.0,20.0,22.0,1,6,0
130,131,4.0,36.0,15.0,22.0,1,6,0
131,132,3.0,30.0,15.0,22.0,1,6,0
132,133,5.0,96.0,20.0,22.0,2,7,0
133,134,14.0,174.0,15.0,22.0,1,6,0
134,135,2.0,25.0,15.0,22.0,1,6,0
135,136,25.0,262.0,10.0,22.0,1,5,0
136,137,10.0,72.0,15.0,22.0,1,6,0
137,138,5.0,67.0,20.0,22.0,1,6,0
138,139,5.0,71.0,20.0,22.0,1,6,0
139,140,5.0,83.0,18.0,22.0,1,6,0
140,141,7.0,85.0,25.0,22.0,1,7,0
141,142,4.0,49.0,15.0,22.0,2,6,0
142,143,5.0,70.0,20.0,22.0,1,6,0
143,144,4.0,70.0,20.0,22.0,1,6,0
144,145,8.0,66.0,25.0,21.0,1,7,1
145,146,1.0,25.0,25.0,21.0,1,7,1
146,147,5.0,55.0,21.0,21.0,1,6,1
147,148,1.0,15.0,15.0,21.0,1,6,1
148,149,2.0,30.0,20.0,21.0,1,6,1
149,150,2.0,26.0,16.0,21.0,1,6,1
150,151,5.0,71.0,15.0,21.0,2,6,1
151,152,13.0,164.0,18.0,21.0,1,6,1
152,153,1.0,20.0,20.0,21.0,1,6,1
153,154,10.0,64.0,15.0,21.0,1,6,1
154,155,1.0,25.0,25.0,21.0,1,7,1
155,156,7.0,47.0,15.0,21.0,1,6,1
156,157,1.0,20.0,20.0,21.0,1,6,1
157,158,5.0,55.0,25.0,21.0,1,7,1
158,159,1.0,15.0,15.0,21.0,1,6,1
159,160,2.0,20.0,15.0,21.0,1,6,1
160,161,1.0,20.0,20.0,21.0,1,6,1
161,162,14.0,129.0,12.0,21.0,1,5,1
162,163,3.0,150.0,35.0,21.0,1,7,1
163,164,10.0,147.0,25.0,21.0,1,7,1
164,165,5.0,33.0,3.0,21.0,3,5,1
165,166,13.0,129.0,17.0,21.0,2,6,0
166,167,4.0,66.0,25.0,21.0,1,7,0
167,168,1.0,27.0,27.0,21.0,1,7,0
168,169,1.0,20.0,20.0,21.0,1,6,0
169,170,3.0,35.0,15.0,21.0,1,6,0
170,171,4.0,44.0,20.0,21.0,1,6,0
171,172,10.0,101.0,15.0,21.0,1,6,0
172,173,4.0,45.0,20.0,21.0,1,6,0
173,174,4.0,90.0,25.0,21.0,1,7,0
174,175,8.0,130.0,25.0,21.0,1,7,0
175,176,1.0,15.0,15.0,21.0,1,6,0
176,177,1.0,25.0,25.0,21.0,1,7,0
177,178,5.0,82.0,20.0,21.0,2,6,0
178,179,10.0,113.0,16.0,21.0,1,6,0
179,180,3.0,24.0,15.0,21.0,1,6,0
180,181,11.0,64.04,13.0,21.0,2,5,1
181,182,2.0,30.0,20.0,21.0,1,6,0
182,183,2.0,45.0,25.0,21.0,1,7,0
183,184,1.0,15.0,15.0,21.0,1,6,0
184,185,9.0,78.0,20.0,21.0,1,6,0
185,186,19.0,244.0,15.0,21.0,1,6,0
186,187,11.0,138.0,20.0,21.0,1,6,0
187,188,1.0,25.0,25.0,21.0,1,7,0
188,189,3.0,70.0,25.0,21.0,1,7,0
189,190,6.0,71.0,12.0,21.0,2,6,0
190,191,8.0,136.0,20.0,21.0,1,6,0
191,192,20.0,139.0,9.0,21.0,3,4,0
192,193,3.0,38.0,16.0,21.0,1,6,0
193,194,19.0,170.0,15.0,21.0,1,6,0
194,195,3.0,45.0,25.0,21.0,1,7,0
195,196,1.0,25.0,25.0,21.0,1,7,0
196,197,1.0,15.0,15.0,21.0,1,6,0
197,198,1.0,20.0,20.0,21.0,1,6,0
198,199,5.0,59.0,15.0,21.0,1,6,1
199,200,1.0,25.0,25.0,21.0,1,7,0
200,201,19.0,114.0,10.0,21.0,1,5,0
201,202,22.0,238.0,15.0,21.0,1,6,1
202,203,18.0,265.03125,25.0,21.0,1,7,0
203,204,3.0,35.0,15.0,21.0,1,6,0
204,205,12.0,176.0,25.0,21.0,1,7,0
205,206,7.0,79.0,25.0,21.0,1,7,0
206,207,2.0,22.0,17.0,21.0,1,6,0
207,208,23.0,210.0,20.0,21.0,1,6,0
208,209,6.0,92.0,20.0,21.0,1,6,1
209,210,2.0,35.0,15.0,21.0,1,6,0
210,211,3.0,50.0,20.0,21.0,1,6,0
211,212,2.0,40.0,20.0,21.0,1,6,0
212,213,12.0,222.0,20.0,21.0,1,6,0
213,214,3.0,50.0,20.0,21.0,1,6,0
214,215,3.0,35.0,20.0,21.0,2,6,0
215,216,6.0,57.0,20.0,21.0,1,6,0
216,217,24.0,245.0,10.0,21.0,2,5,0
217,218,14.0,117.5,11.0,21.0,1,5,0
218,219,13.0,178.0,23.0,21.0,2,6,1
219,220,5.0,78.0,20.0,21.0,1,6,0
220,221,12.0,152.0,20.0,21.0,1,6,0
221,222,8.0,111.0,17.0,21.0,2,6,0
222,223,7.0,87.0,20.0,21.0,2,6,0
223,224,13.0,150.0,20.0,21.0,2,6,0
224,225,3.0,42.0,18.0,21.0,1,6,0
225,226,10.0,73.0,15.0,21.0,1,6,0
226,227,20.0,129.0,10.0,21.0,1,5,0
227,228,4.0,52.0,21.0,21.0,1,6,0
228,229,6.0,81.0,20.0,21.0,1,6,0
229,230,3.0,55.0,25.0,21.0,1,7,0
230,231,8.0,107.0,20.0,20.0,1,6,1
231,232,1.0,15.0,15.0,20.0,1,6,1
232,233,10.0,130.0,10.0,20.0,2,6,1
233,234,23.0,123.0,10.0,20.0,2,5,1
234,235,2.0,26.0,16.0,20.0,1,6,1
235,236,1.0,15.0,15.0,20.0,1,6,1
236,237,3.0,75.0,25.0,20.0,2,7,1
237,238,2.0,50.0,25.0,20.0,1,7,1
238,239,14.0,186.0,10.0,20.0,1,5,1
239,240,9.0,78.0,15.0,20.0,1,6,1
240,241,1.0,15.0,15.0,20.0,1,6,1
241,242,5.0,39.0,15.0,20.0,2,6,1
242,243,5.0,57.0,11.0,20.0,3,5,0
243,244,3.0,42.0,20.0,20.0,1,6,0
244,245,1.0,25.0,25.0,20.0,1,7,0
245,246,8.0,144.0,25.0,20.0,2,7,0
246,247,3.0,36.0,11.0,20.0,2,6,0
247,248,4.0,50.0,15.0,20.0,1,6,0
248,249,15.0,130.0,11.0,20.0,1,5,0
249,250,21.0,151.0,10.0,20.0,1,5,0
250,251,1.0,20.0,20.0,20.0,1,6,0
251,252,3.0,120.0,35.0,20.0,2,7,0
252,253,2.0,50.0,25.0,20.0,1,7,0
253,254,6.0,67.0,20.0,20.0,1,6,0
254,255,4.0,61.0,21.0,20.0,2,6,0
255,256,7.0,95.0,15.0,20.0,1,6,0
256,257,2.0,30.0,20.0,20.0,1,6,0
257,258,18.0,119.0,12.0,20.0,1,5,0
258,259,21.0,101.0,5.0,20.0,3,4,0
259,260,11.0,95.0,15.0,20.0,1,6,0
260,261,4.0,45.0,15.0,20.0,1,6,0
261,262,1.0,20.0,20.0,20.0,1,6,0
262,263,2.0,30.0,10.0,20.0,2,6,0
263,264,4.0,32.0,10.0,20.0,3,5,0
264,265,1.0,25.0,25.0,20.0,1,7,0
265,266,7.0,56.0,10.0,20.0,3,5,1
266,267,4.0,85.0,25.0,20.0,1,7,0
267,268,19.0,148.0,20.0,20.0,1,6,0
268,269,9.0,145.0,21.0,20.0,1,6,0
269,270,14.0,199.0,25.0,20.0,2,7,0
270,271,11.0,225.0,26.0,20.0,2,7,0
271,272,29.0,265.03125,20.0,20.0,2,6,0
272,273,5.0,53.0,15.0,20.0,2,6,1
273,274,13.0,164.0,25.0,20.0,1,7,0
274,275,11.0,155.0,25.0,20.0,2,7,0
275,276,1.0,60.0,35.0,20.0,1,7,0
276,277,12.0,57.0,5.0,20.0,4,4,0
277,278,2.0,40.0,30.0,20.0,1,7,0
278,279,16.0,126.0,10.0,20.0,2,5,0
279,280,10.0,109.0,15.0,20.0,1,6,1
280,281,12.0,104.5,10.0,20.0,2,5,0
281,282,5.0,55.0,15.0,20.0,1,6,0
282,283,1.0,20.0,20.0,20.0,1,6,0
283,284,7.0,92.0,15.0,20.0,1,6,0
284,285,4.0,50.0,16.0,19.0,1,6,1
285,286,15.0,118.0,15.0,19.0,1,6,1
286,287,8.0,120.0,20.0,19.0,1,6,1
287,288,13.0,167.0,20.0,19.0,1,6,1
288,289,12.0,136.0,20.0,19.0,1,6,1
289,290,2.0,26.0,16.0,19.0,1,6,1
290,291,5.0,125.0,25.0,19.0,3,7,1
291,292,6.0,92.0,16.0,19.0,2,6,1
292,293,16.0,161.0,17.0,19.0,1,6,1
293,294,3.0,90.0,35.0,19.0,2,7,1
294,295,12.0,60.0,10.0,19.0,2,5,1
295,296,10.0,170.0,20.0,19.0,1,6,1
296,297,16.0,84.0,6.0,19.0,3,4,1
297,298,29.0,242.0,16.0,19.0,1,5,1
298,299,3.0,65.0,25.0,19.0,2,7,1
299,300,29.0,199.0,7.0,19.0,4,4,1
300,301,15.0,145.0,10.0,19.0,1,5,1
301,302,29.0,265.03125,10.0,19.0,1,5,1
302,303,17.0,201.0,14.0,19.0,3,6,1
303,304,19.0,187.0,15.0,19.0,2,6,1
304,305,14.0,123.0,10.0,19.0,2,6,1
305,306,4.0,56.0,23.0,19.0,1,6,0
306,307,6.0,51.0,10.0,19.0,3,5,0
307,308,9.0,116.0,15.0,19.0,1,6,0
308,309,8.0,100.0,20.0,19.0,1,6,0
309,310,28.0,235.0,10.0,19.0,3,5,0
310,311,1.0,15.0,15.0,19.0,1,6,0
311,312,9.0,89.0,11.0,19.0,2,5,0
312,313,10.0,23.0,3.0,19.0,4,4,0
313,314,19.0,120.0,5.0,19.0,2,5,0
314,315,3.0,45.0,15.0,19.0,2,6,0
315,316,7.0,55.0,15.0,19.0,1,6,0
316,317,3.0,36.0,16.0,19.0,2,6,1
317,318,5.0,51.0,10.0,19.0,2,6,0
318,319,15.0,137.0,10.0,19.0,1,5,0
319,320,4.0,80.0,25.0,19.0,1,7,0
320,321,3.0,265.03125,35.0,19.0,1,7,0
321,322,12.0,105.0,35.0,19.0,1,7,0
322,323,7.0,62.0,10.0,19.0,4,5,0
323,324,22.0,108.0,5.0,19.0,4,4,1
324,325,29.0,265.03125,13.0,19.0,1,5,0
325,326,5.0,82.0,20.0,19.0,1,6,0
326,327,2.0,55.0,35.0,19.0,1,7,0
327,328,3.0,55.0,25.0,19.0,1,7,0
328,329,4.0,39.0,15.0,19.0,2,6,0
329,330,6.0,35.0,5.0,19.0,3,5,0
330,331,1.0,25.0,25.0,19.0,1,7,0
331,332,10.0,112.0,15.0,19.0,3,6,0
332,333,18.0,137.0,10.0,19.0,3,5,0
333,334,18.0,156.0,10.0,19.0,3,5,0
334,335,9.0,113.0,20.0,19.0,1,6,0
335,336,21.0,181.0,11.0,19.0,1,5,0
336,337,4.0,25.0,5.0,19.0,3,5,0
337,338,14.0,117.0,15.0,19.0,1,6,0
338,339,8.0,93.0,16.0,19.0,1,6,0
339,340,10.0,164.0,18.0,19.0,1,6,0
340,341,8.0,34.0,4.0,19.0,4,4,0
341,342,14.0,121.0,11.0,19.0,4,5,0
342,343,12.0,130.0,16.0,19.0,1,6,0
343,344,8.0,129.0,25.0,19.0,1,7,0
344,345,7.0,116.0,21.0,19.0,1,6,0
345,346,21.0,69.25,5.0,18.0,3,4,1
346,347,5.0,64.0,16.0,18.0,2,6,1
347,348,25.0,141.0,10.0,18.0,1,5,1
348,349,11.0,83.0,12.0,18.0,2,5,1
349,350,5.0,51.0,16.0,18.0,1,6,1
350,351,18.0,181.0,15.0,18.0,2,6,1
351,352,15.0,154.0,20.0,18.0,1,6,1
352,353,1.0,20.0,20.0,18.0,1,6,1
353,354,4.0,89.0,19.0,18.0,2,6,1
354,355,19.0,155.0,10.0,18.0,2,5,1
355,356,9.0,124.0,17.0,18.0,3,6,1
356,357,20.0,199.0,12.0,18.0,2,5,1
357,358,3.0,35.0,15.0,18.0,2,6,1
358,359,6.0,56.0,15.0,18.0,1,6,1
359,360,4.0,33.0,10.0,18.0,3,5,1
360,361,2.0,30.0,20.0,18.0,1,6,1
361,362,16.0,137.0,11.0,18.0,1,5,1
362,363,10.0,115.0,20.0,18.0,1,6,1
363,364,6.0,65.0,20.0,18.0,1,6,0
364,365,19.0,168.0,12.0,18.0,2,5,0
365,366,7.0,62.0,15.0,18.0,1,6,0
366,367,7.0,45.0,10.0,18.0,3,5,0
367,368,4.0,34.0,9.0,18.0,3,5,0
368,369,2.0,65.0,35.0,18.0,1,7,0
369,370,1.0,20.0,20.0,18.0,1,6,0
370,371,1.0,25.0,25.0,18.0,1,7,0
371,372,1.0,15.0,15.0,18.0,1,6,0
372,373,1.0,20.0,20.0,18.0,1,6,0
373,374,9.0,88.0,15.0,18.0,1,6,0
374,375,4.0,34.0,16.0,18.0,1,6,0
375,376,6.0,130.0,25.0,18.0,1,7,0
376,377,7.0,33.0,3.0,18.0,3,5,1
377,378,15.0,105.0,10.0,18.0,2,5,0
378,379,20.0,102.0,10.0,18.0,1,5,0
379,380,2.0,35.0,20.0,18.0,1,6,0
380,381,1.0,15.0,15.0,18.0,1,6,0
381,382,10.0,93.0,13.0,18.0,3,5,1
382,383,24.0,154.0,10.0,18.0,3,5,0
383,384,3.0,34.0,20.0,18.0,1,6,0
384,385,1.0,20.0,20.0,18.0,1,6,0
385,386,12.0,123.0,18.0,18.0,1,6,0
386,387,1.0,15.0,15.0,18.0,1,6,0
387,388,16.0,118.0,25.0,18.0,1,7,1
388,389,1.0,23.0,23.0,18.0,1,6,0
389,390,1.0,25.0,25.0,18.0,1,7,0
390,391,1.0,20.0,20.0,18.0,1,6,0
391,392,19.0,156.0,10.0,18.0,1,5,0
392,393,14.0,251.0,15.0,18.0,1,6,0
393,394,1.0,20.0,20.0,18.0,1,6,0
394,395,2.0,25.0,10.0,18.0,2,6,0
395,396,4.0,85.0,30.0,18.0,1,7,0
396,397,8.0,88.0,12.0,18.0,2,5,0
397,398,2.0,26.0,16.0,18.0,1,6,0
398,399,18.0,214.5,16.0,18.0,1,6,0
399,400,1.0,25.0,25.0,18.0,1,7,0
400,401,2.0,26.0,16.0,18.0,1,6,0
401,402,4.0,23.0,10.0,18.0,3,5,0
402,403,4.0,50.0,20.0,18.0,1,6,0
403,404,7.0,99.0,17.0,18.0,2,6,1
404,405,1.0,20.0,20.0,18.0,1,6,0
405,406,1.0,20.0,20.0,18.0,1,6,0
406,407,1.0,20.0,20.0,18.0,1,6,0
407,408,2.0,200.0,35.0,18.0,1,7,0
408,409,4.0,36.0,15.0,18.0,2,6,1
409,410,8.0,77.0,15.0,18.0,1,6,0
410,411,9.0,48.0,7.0,18.0,4,4,0
411,412,3.0,24.0,5.0,18.0,2,6,0
412,413,16.0,229.0,25.0,18.0,2,7,0
413,414,11.0,127.0,15.0,18.0,3,6,0
414,415,3.0,45.0,20.0,18.0,2,6,0
415,416,13.0,265.03125,35.0,18.0,1,7,0
416,417,8.0,76.0,15.0,18.0,2,6,0
417,418,17.0,75.0,6.0,18.0,4,4,0
418,419,9.0,226.0,35.0,18.0,1,7,1
419,420,1.0,18.95,18.95,18.0,1,6,0
420,421,1.0,25.0,25.0,18.0,1,7,1
421,422,4.0,39.0,15.0,18.0,1,6,0
422,423,20.0,104.0,12.0,18.0,2,5,0
423,424,1.0,15.0,15.0,18.0,1,6,0
424,425,1.0,25.0,25.0,18.0,1,7,0
425,426,10.0,145.0,20.0,18.0,2,6,0
426,427,21.0,176.0,10.0,18.0,1,5,0
427,428,8.0,163.0,27.0,18.0,1,7,0
428,429,14.0,129.0,20.0,18.0,1,6,0
429,430,1.0,16.0,16.0,18.0,1,6,0
430,431,14.0,68.0,5.0,18.0,3,4,0
431,432,9.0,126.0,20.0,18.0,3,6,0
432,433,11.0,80.0,15.0,18.0,1,6,0
433,434,6.0,125.0,20.0,18.0,2,6,0
434,435,26.0,102.5,5.0,18.0,3,4,0
435,436,2.0,30.0,20.0,18.0,1,6,0
436,437,29.0,242.0,10.0,18.0,3,5,0
437,438,10.0,125.0,20.0,18.0,1,6,0
438,439,8.0,124.0,25.0,18.0,3,7,0
439,440,2.0,40.0,25.0,18.0,1,7,0
440,441,12.0,159.0,19.0,18.0,1,6,0
441,442,3.0,27.0,15.0,18.0,2,6,0
442,443,8.0,59.0,15.0,18.0,2,6,0
443,444,5.0,80.0,20.0,18.0,1,6,0
444,445,9.0,155.0,20.0,18.0,4,7,0
445,446,20.0,187.0,16.0,18.0,1,6,0
446,447,1.0,20.0,20.0,18.0,1,6,0
447,448,1.0,30.0,30.0,18.0,1,7,0
448,449,1.0,15.0,15.0,18.0,1,6,0
449,450,21.0,265.03125,35.0,18.0,2,7,0
450,451,20.0,178.0,15.0,18.0,1,6,0
451,452,6.0,155.0,15.0,18.0,1,6,0
452,453,4.0,34.0,15.0,18.0,1,6,0
453,454,17.0,88.0,10.0,18.0,1,5,0
454,455,1.0,15.0,15.0,18.0,1,6,0
455,456,2.0,25.0,15.0,18.0,1,6,0
456,457,7.0,61.0,20.0,18.0,1,6,0
457,458,17.0,92.0,20.0,18.0,1,6,0
458,459,4.0,35.0,6.0,18.0,2,6,0
459,460,7.0,62.0,15.0,18.0,3,6,0
460,461,2.0,30.0,20.0,18.0,1,6,0
461,462,15.0,101.0,8.0,18.0,3,5,0
462,463,20.0,115.0,8.0,18.0,3,4,0
463,464,12.0,103.0,9.0,18.0,2,5,0
464,465,5.0,67.0,21.0,18.0,1,6,0
465,466,1.0,20.0,20.0,18.0,1,6,0
466,467,8.0,102.0,20.0,18.0,2,6,0
467,468,21.0,157.0,15.0,18.0,2,6,0
468,469,7.0,85.0,20.0,18.0,1,6,0
469,470,1.0,28.0,28.0,18.0,1,7,0
470,471,9.0,98.0,25.0,17.0,1,7,1
471,472,8.0,65.0,12.0,17.0,4,5,1
472,473,7.0,33.0,6.0,17.0,3,5,1
473,474,14.0,76.0,10.0,17.0,2,5,1
474,475,1.0,25.0,25.0,17.0,1,7,1
475,476,4.0,32.0,15.0,17.0,1,6,1
476,477,12.0,182.0,21.0,17.0,1,6,1
477,478,3.0,60.0,20.0,17.0,1,6,1
478,479,4.0,65.0,15.0,17.0,1,6,1
479,480,11.0,121.0,13.0,17.0,3,5,1
480,481,11.0,113.0,12.0,17.0,2,5,1
481,482,2.0,32.0,17.0,17.0,1,6,1
482,483,2.0,20.0,15.0,17.0,1,6,1
483,484,6.0,92.0,20.0,17.0,1,6,1
484,485,14.0,171.0,11.0,17.0,4,6,1
485,486,10.0,147.0,17.0,17.0,2,6,1
486,487,10.0,71.0,7.0,17.0,3,5,1
487,488,10.0,122.0,10.0,17.0,2,6,1
488,489,1.0,15.0,15.0,17.0,1,6,0
489,490,11.0,265.03125,35.0,17.0,1,7,0
490,491,29.0,265.03125,11.0,17.0,4,5,1
491,492,4.0,34.0,15.0,17.0,2,6,0
492,493,17.0,166.5,12.0,17.0,1,5,0
493,494,1.0,25.0,25.0,17.0,1,7,0
494,495,3.0,35.0,15.0,17.0,2,6,0
495,496,29.0,265.03125,18.0,17.0,4,6,0
496,497,18.0,151.0,15.0,17.0,1,6,0
497,498,5.0,49.0,16.0,17.0,1,6,0
498,499,1.0,20.0,20.0,17.0,1,6,0
499,500,7.0,105.0,25.0,17.0,2,7,0
500,501,2.0,25.0,15.0,17.0,1,6,0
501,502,8.0,83.0,21.0,17.0,1,6,0
502,503,23.0,235.0,10.0,17.0,1,5,0
503,504,1.0,20.0,20.0,17.0,1,6,0
504,505,1.0,25.0,25.0,17.0,1,7,1
505,506,3.0,55.0,25.0,17.0,2,7,0
506,507,10.0,78.0,10.0,17.0,3,5,0
507,508,1.0,15.0,15.0,17.0,1,6,0
508,509,1.0,20.0,20.0,17.0,1,6,0
509,510,4.0,46.0,20.0,17.0,1,6,0
510,511,3.0,32.0,15.0,17.0,1,6,0
511,512,10.0,87.0,15.0,17.0,1,6,0
512,513,3.0,100.0,35.0,17.0,1,7,0
513,514,4.0,50.0,20.0,17.0,1,6,0
514,515,6.0,66.0,10.0,17.0,4,6,0
515,516,9.0,80.0,10.0,17.0,4,5,0
516,517,3.0,18.0,5.0,17.0,3,5,0
517,518,12.0,197.0,30.0,17.0,2,7,0
518,519,3.0,45.0,20.0,17.0,2,6,0
519,520,7.0,77.0,17.0,17.0,1,6,0
520,521,12.0,129.0,13.0,17.0,2,5,0
521,522,14.0,98.0,8.0,17.0,2,5,0
522,523,1.0,25.0,25.0,17.0,1,7,0
523,524,2.0,30.0,20.0,17.0,1,6,0
524,525,1.0,20.0,20.0,17.0,1,6,0
525,526,13.0,156.0,20.0,17.0,2,6,0
526,527,7.0,265.03125,35.0,17.0,1,7,0
527,528,1.0,20.0,20.0,17.0,1,6,0
528,529,20.0,59.5,12.0,17.0,1,5,0
529,530,20.0,94.0,10.0,17.0,1,5,0
530,531,14.0,111.0,11.0,17.0,2,5,0
531,532,2.0,25.0,15.0,17.0,1,6,0
532,533,20.0,137.0,14.0,17.0,2,5,0
533,534,8.0,163.0,18.0,17.0,1,6,0
534,535,7.0,76.0,25.0,17.0,1,7,0
535,536,2.0,30.0,15.0,17.0,2,6,0
536,537,1.0,20.0,20.0,17.0,1,6,0
537,538,7.0,101.0,15.0,17.0,2,6,0
538,539,7.0,50.0,6.0,17.0,4,5,0
539,540,7.0,29.0,5.0,17.0,4,4,0
540,541,15.0,76.0,5.0,17.0,3,5,0
541,542,1.0,25.0,25.0,17.0,1,7,0
542,543,6.0,88.0,20.0,17.0,2,6,0
543,544,6.0,62.0,12.0,17.0,3,5,0
544,545,18.0,158.0,22.0,17.0,1,6,0
545,546,5.0,88.0,20.0,17.0,1,6,0
546,547,6.0,52.0,15.0,17.0,1,6,0
547,548,1.0,20.0,20.0,17.0,1,6,0
548,549,17.0,141.0,16.0,17.0,1,6,0
549,550,13.0,129.0,15.0,17.0,3,6,0
550,551,8.0,75.0,5.0,17.0,4,4,0
551,552,5.0,34.0,8.0,17.0,3,5,0
552,553,6.0,66.0,10.0,17.0,3,6,0
553,554,12.0,158.0,15.0,17.0,1,6,0
554,555,1.0,25.0,25.0,17.0,1,7,0
555,556,4.0,35.0,10.0,17.0,3,5,0
556,557,22.0,195.0,14.0,17.0,1,5,0
557,558,3.0,37.0,15.0,17.0,2,6,0
558,559,18.0,164.0,10.0,17.0,4,6,0
559,560,4.0,35.0,5.0,17.0,3,6,0
560,561,1.0,15.0,15.0,17.0,1,6,0
561,562,12.0,108.0,12.0,17.0,3,5,0
562,563,29.0,260.0,10.0,17.0,4,5,0
563,564,1.0,15.0,15.0,17.0,1,6,1
564,565,8.0,210.0,35.0,17.0,2,7,0
565,566,1.0,50.0,35.0,17.0,1,7,0
566,567,25.0,265.03125,18.0,17.0,1,6,0
567,568,8.0,44.0,6.0,17.0,4,4,0
568,569,2.0,35.0,25.0,17.0,1,7,0
569,570,2.0,35.0,25.0,17.0,1,7,0
570,571,7.0,56.0,15.0,17.0,1,6,0
571,572,19.0,81.0,6.0,17.0,4,4,0
572,573,1.0,25.0,25.0,17.0,1,7,0
573,574,21.0,265.03125,25.0,17.0,1,7,0
574,575,5.0,58.0,16.0,17.0,1,6,0
575,576,1.0,20.0,20.0,17.0,1,6,0
576,577,9.0,130.0,25.0,17.0,1,7,0
577,578,5.0,105.0,25.0,17.0,3,7,0
578,579,2.0,30.0,20.0,17.0,1,6,0
579,580,4.0,52.0,16.0,16.0,1,6,1
580,581,3.0,25.0,5.0,16.0,2,6,1
581,582,15.0,77.0,5.0,16.0,3,4,1
582,583,24.0,170.0,11.0,16.0,2,5,1
583,584,13.0,196.0,20.0,16.0,2,6,1
584,585,3.0,37.0,15.0,16.0,1,6,1
585,586,7.0,129.0,25.0,16.0,1,7,1
586,587,2.0,30.0,20.0,16.0,2,6,1
587,588,21.0,265.03125,22.0,16.0,1,6,1
588,589,13.0,66.0,10.0,16.0,3,5,1
589,590,7.0,60.0,15.0,16.0,1,6,1
590,591,14.0,74.0,5.0,16.0,3,4,1
591,592,8.0,76.0,15.0,16.0,2,6,1
592,593,7.0,80.0,15.0,16.0,2,6,1
593,594,1.0,15.0,15.0,16.0,1,6,1
594,595,16.0,203.0,16.0,16.0,2,6,1
595,596,15.0,77.0,10.0,16.0,3,5,1
596,597,5.0,100.0,25.0,16.0,1,7,1
597,598,10.0,158.0,21.0,16.0,3,7,1
598,599,2.0,25.0,20.0,16.0,1,6,1
599,600,16.0,138.0,10.0,16.0,4,5,1
600,601,12.0,106.0,10.0,16.0,2,5,1
601,602,13.0,134.0,12.0,16.0,2,5,1
602,603,4.0,69.0,22.0,16.0,1,6,1
603,604,24.0,265.03125,10.0,16.0,1,5,1
604,605,20.0,65.0,3.0,16.0,3,4,1
605,606,8.0,49.0,10.0,16.0,3,5,1
606,607,2.0,45.0,25.0,16.0,1,7,1
607,608,7.0,62.0,11.0,16.0,4,5,1
608,609,8.0,104.0,20.0,16.0,1,6,1
609,610,14.0,149.0,10.0,16.0,4,6,1
610,611,13.0,111.0,11.0,16.0,2,5,1
611,612,6.0,53.0,11.0,16.0,3,5,1
612,613,6.0,39.0,10.0,16.0,3,5,1
613,614,24.0,215.0,11.0,16.0,2,5,1
614,615,12.0,50.0,4.0,16.0,4,4,1
615,616,2.0,35.0,20.0,16.0,2,6,1
616,617,23.0,107.0,3.0,16.0,3,4,1
617,618,12.0,208.0,35.0,16.0,1,7,1
618,619,10.0,98.0,12.0,16.0,2,5,1
619,620,6.0,34.0,6.0,16.0,3,5,1
620,621,15.0,128.0,10.0,16.0,2,5,1
621,622,1.0,20.0,20.0,16.0,1,6,1
622,623,9.0,119.0,15.0,16.0,3,6,0
623,624,5.0,49.0,10.0,16.0,4,5,0
624,625,3.0,30.0,10.0,16.0,3,5,1
625,626,2.0,30.0,20.0,16.0,1,6,0
626,627,4.0,42.0,10.0,16.0,4,5,0
627,628,2.0,26.0,16.0,16.0,1,6,0
628,629,7.0,86.0,15.0,16.0,1,6,0
629,630,3.0,41.0,15.0,16.0,2,6,0
630,631,3.0,65.0,10.0,16.0,3,7,0
631,632,2.0,30.0,20.0,16.0,1,6,0
632,633,12.0,177.0,20.0,16.0,1,6,0
633,634,2.0,30.0,15.0,16.0,1,6,0
634,635,29.0,265.03125,5.0,16.0,3,4,0
635,636,29.0,168.04,8.0,16.0,3,5,0
636,637,29.0,183.0,5.0,16.0,4,4,0
637,638,29.0,265.03125,16.0,16.0,3,5,0
638,639,7.0,139.0,27.0,16.0,1,7,0
639,640,28.0,100.0,5.0,16.0,3,4,0
640,641,2.0,30.0,20.0,16.0,1,6,0
641,642,8.0,136.0,25.0,16.0,1,7,0
642,643,29.0,106.0,3.0,16.0,4,4,0
643,644,2.0,40.0,20.0,16.0,1,6,0
644,645,18.0,220.0,10.0,16.0,3,6,1
645,646,2.0,25.0,20.0,16.0,2,6,0
646,647,5.0,30.0,10.0,16.0,4,5,0
647,648,16.0,114.0,10.0,16.0,2,5,0
648,649,7.0,62.0,15.0,16.0,1,6,0
649,650,7.0,34.0,10.0,16.0,3,5,0
650,651,5.0,67.0,20.0,16.0,1,6,0
651,652,4.0,44.0,15.0,16.0,1,6,0
652,653,4.0,100.0,35.0,16.0,1,7,0
653,654,10.0,90.0,10.0,16.0,2,5,0
654,655,12.0,84.0,12.0,16.0,4,5,0
655,656,3.0,41.0,11.0,16.0,2,7,0
656,657,17.0,156.0,10.0,16.0,2,5,0
657,658,1.0,20.0,20.0,16.0,1,6,0
658,659,8.0,112.0,21.0,16.0,1,6,0
659,660,8.0,61.0,25.0,16.0,2,7,0
660,661,6.0,58.0,15.0,16.0,2,6,0
661,662,19.0,92.0,7.0,16.0,2,5,0
662,663,4.0,47.0,25.0,16.0,1,7,0
663,664,27.0,104.0,3.0,16.0,3,4,0
664,665,16.0,110.0,5.0,16.0,2,5,0
665,666,4.0,35.0,10.0,16.0,3,5,0
666,667,18.0,122.0,9.0,16.0,3,4,0
667,668,1.0,20.0,20.0,16.0,1,6,0
668,669,9.0,98.0,15.0,16.0,2,6,0
669,670,24.0,144.0,10.0,16.0,1,5,0
670,671,5.0,52.0,15.0,16.0,2,6,0
671,672,4.0,51.0,15.0,16.0,1,6,0
672,673,6.0,75.0,20.0,16.0,2,6,0
673,674,7.0,86.0,16.0,16.0,2,6,0
674,675,16.0,265.03125,30.0,16.0,1,7,0
675,676,9.0,88.0,15.0,16.0,1,6,0
676,677,10.0,106.0,15.0,16.0,1,6,0
677,678,2.0,25.0,20.0,16.0,2,6,0
678,679,8.0,154.0,35.0,16.0,1,7,0
679,680,24.0,155.0,20.0,16.0,4,6,0
680,681,12.0,48.0,10.0,16.0,2,5,0
681,682,4.0,49.0,20.0,16.0,1,6,0
682,683,25.0,93.0,5.0,16.0,3,4,1
683,684,11.0,100.0,10.0,16.0,3,5,0
684,685,2.0,25.0,15.0,16.0,1,6,0
685,686,2.0,40.0,20.0,16.0,2,6,0
686,687,5.0,57.0,15.0,16.0,1,6,0
687,688,18.0,96.0,5.0,16.0,2,5,0
688,689,1.0,20.0,20.0,16.0,1,6,0
689,690,17.0,91.0,5.0,16.0,2,7,0
690,691,12.0,155.0,13.0,16.0,3,6,0
691,692,2.0,20.0,15.0,16.0,2,6,0
692,693,12.0,132.0,20.0,16.0,1,6,1
693,694,1.0,25.0,25.0,16.0,1,7,0
694,695,6.0,265.03125,35.0,16.0,1,7,0
695,696,7.0,61.0,11.0,16.0,3,5,0
696,697,2.0,25.0,20.0,16.0,1,6,0
697,698,29.0,264.0,10.0,16.0,4,5,0
698,699,2.0,30.0,20.0,16.0,1,6,0
699,700,2.0,26.0,16.0,16.0,1,6,0
700,701,8.0,141.0,35.0,16.0,1,7,0
701,702,1.0,15.0,15.0,16.0,1,6,0
702,703,10.0,147.0,20.0,16.0,3,6,0
703,704,9.0,170.0,20.0,16.0,3,6,0
704,705,15.0,144.0,12.0,16.0,2,5,0
705,706,9.0,61.15,15.0,16.0,1,6,0
706,707,16.0,241.0,20.0,16.0,2,6,0
707,708,17.0,139.2,12.0,16.0,1,5,0
708,709,22.0,263.0,20.0,16.0,1,6,0
709,710,21.0,265.03125,10.0,16.0,3,5,0
710,711,2.0,30.0,15.0,16.0,1,6,0
711,712,3.0,38.0,20.0,16.0,1,6,0
712,713,16.0,119.0,10.0,16.0,3,5,0
713,714,3.0,29.0,15.0,16.0,1,6,0
714,715,6.0,56.0,20.0,16.0,1,6,0
715,716,4.0,100.0,25.0,16.0,2,7,0
716,717,27.0,265.03125,35.0,16.0,2,7,0
717,718,14.0,126.0,17.0,16.0,1,6,0
718,719,4.0,33.0,8.0,16.0,4,5,0
719,720,3.0,22.0,6.0,16.0,3,5,0
720,721,15.0,126.0,15.0,16.0,3,6,0
721,722,7.0,41.0,7.0,16.0,4,4,0
722,723,3.0,55.0,25.0,16.0,2,7,0
723,724,2.0,26.0,16.0,16.0,1,6,0
724,725,2.0,30.0,20.0,16.0,1,6,0
725,726,19.0,200.0,15.0,16.0,1,6,1
726,727,4.0,60.0,18.0,16.0,2,6,0
727,728,2.0,35.0,25.0,16.0,1,7,0
728,729,18.0,192.0,11.0,16.0,1,5,0
729,730,16.0,135.0,20.0,16.0,2,6,0
730,731,25.0,99.0,11.0,16.0,2,5,0
731,732,9.0,94.0,12.0,16.0,4,6,0
732,733,7.0,88.0,21.0,16.0,1,6,0
733,734,8.0,119.0,20.0,16.0,2,6,0
734,735,16.0,265.03125,25.0,16.0,4,7,0
735,736,25.0,265.03125,30.0,16.0,2,7,0
736,737,12.0,123.0,20.0,16.0,1,6,0
737,738,2.0,20.0,15.0,16.0,1,6,0
738,739,6.0,88.0,20.0,16.0,2,6,0
739,740,4.0,71.0,25.0,16.0,2,7,0
740,741,22.0,169.0,15.0,16.0,1,6,0
741,742,3.0,38.0,16.0,16.0,1,6,0
742,743,24.0,125.0,7.0,16.0,4,5,0
743,744,8.0,49.0,7.0,16.0,3,5,0
744,745,10.0,103.0,11.0,16.0,3,5,0
745,746,9.0,88.0,10.0,16.0,3,5,0
746,747,6.0,265.03125,35.0,16.0,1,7,0
747,748,8.0,37.0,11.0,16.0,4,5,0
748,749,2.0,35.0,25.0,16.0,2,7,0
749,750,2.0,26.0,16.0,16.0,1,6,0
750,751,5.0,85.0,25.0,16.0,2,7,0
751,752,14.0,112.0,6.0,15.0,2,6,1
752,753,15.0,162.0,15.0,15.0,3,6,1
753,754,21.0,105.0,25.0,15.0,2,7,1
754,755,8.0,122.0,25.0,15.0,2,7,1
755,756,9.0,81.0,10.0,15.0,3,5,1
756,757,3.0,100.0,35.0,15.0,2,7,1
757,758,16.0,95.0,10.0,15.0,3,5,1
758,759,6.0,85.0,10.0,15.0,4,6,1
759,760,29.0,102.0,5.0,15.0,4,4,1
760,761,6.0,40.0,5.0,15.0,4,4,1
761,762,5.0,78.0,20.0,15.0,3,6,1
762,763,5.0,83.0,19.0,15.0,3,6,1
763,764,6.0,60.0,15.0,15.0,3,6,1
764,765,4.0,47.0,25.0,15.0,1,7,1
765,766,14.0,93.0,10.0,15.0,2,5,1
766,767,6.0,62.0,15.0,15.0,2,6,1
767,768,16.0,200.0,18.0,15.0,3,6,1
768,769,8.0,111.0,20.0,15.0,4,6,1
769,770,21.0,241.0,14.0,15.0,1,5,1
770,771,4.0,48.0,13.0,15.0,3,5,1
771,772,5.0,49.0,12.0,15.0,3,5,1
772,773,5.0,56.0,15.0,15.0,1,6,1
773,774,18.0,170.0,10.0,15.0,3,6,1
774,775,6.0,34.0,7.0,15.0,4,4,1
775,776,15.0,220.0,25.0,15.0,1,7,1
776,777,12.0,85.0,5.0,15.0,3,5,1
777,778,18.0,153.0,12.0,15.0,1,5,1
778,779,6.0,35.0,10.0,15.0,3,5,1
779,780,9.0,65.0,7.0,15.0,4,4,1
780,781,8.0,64.68,10.0,15.0,2,6,1
781,782,2.0,30.0,10.0,15.0,2,6,1
782,783,2.0,20.0,15.0,15.0,1,6,1
783,784,4.0,28.0,8.0,15.0,3,5,1
784,785,8.0,74.0,12.0,15.0,2,5,1
785,786,6.0,55.0,23.0,15.0,1,6,1
786,787,7.0,67.0,15.0,15.0,1,6,1
787,788,8.0,62.0,8.0,15.0,4,5,1
788,789,13.0,112.0,15.0,15.0,1,6,1
789,790,17.0,109.0,10.0,15.0,3,5,1
790,791,13.0,61.0,5.0,15.0,3,5,1
791,792,19.0,61.0,6.0,15.0,4,4,1
792,793,11.0,83.0,12.0,15.0,2,5,1
793,794,15.0,64.0,10.0,15.0,3,5,1
794,795,5.0,77.0,19.0,15.0,1,6,1
795,796,7.0,109.0,23.0,15.0,3,6,1
796,797,9.0,55.0,7.0,15.0,4,5,1
797,798,18.0,188.0,10.0,15.0,2,6,1
798,799,17.0,144.0,10.0,15.0,1,5,1
799,800,6.0,57.0,15.0,15.0,3,6,1
800,801,14.0,67.0,5.0,15.0,3,4,1
801,802,3.0,30.0,13.0,15.0,3,5,1
802,803,6.0,73.0,15.0,15.0,1,6,1
803,804,25.0,265.0,20.0,15.0,2,6,1
804,805,23.0,111.0,4.0,15.0,4,4,1
805,806,5.0,50.0,15.0,15.0,1,6,1
806,807,20.0,99.0,6.0,15.0,3,4,1
807,808,8.0,148.0,24.0,15.0,1,6,1
808,809,26.0,184.0,9.0,15.0,3,5,1
809,810,21.0,249.0,17.0,15.0,1,6,1
810,811,12.0,159.0,10.0,15.0,2,5,1
811,812,3.0,35.0,15.0,15.0,1,6,1
812,813,12.0,132.0,10.0,15.0,2,5,1
813,814,17.0,114.0,10.0,15.0,1,5,1
814,815,20.0,83.0,6.0,15.0,4,4,1
815,816,6.0,72.0,10.0,15.0,2,6,1
816,817,5.0,43.0,15.0,15.0,2,6,1
817,818,5.0,35.0,10.0,15.0,3,5,1
818,819,4.0,26.0,8.0,15.0,3,5,1
819,820,13.0,173.0,10.0,15.0,2,5,1
820,821,15.0,236.0,21.0,15.0,1,6,1
821,822,7.0,29.0,4.0,15.0,4,4,1
822,823,11.0,122.0,17.0,15.0,1,6,1
823,824,13.0,150.0,16.0,15.0,4,6,1
824,825,10.0,133.0,14.0,15.0,2,5,1
825,826,7.0,45.0,7.0,15.0,4,4,1
826,827,12.0,117.0,10.0,15.0,2,5,1
827,828,4.0,35.0,10.0,15.0,3,5,1
828,829,6.0,45.0,15.0,15.0,1,6,1
829,830,11.0,87.0,9.0,15.0,4,6,1
830,831,14.0,161.0,22.0,15.0,3,6,1
831,832,2.0,51.0,28.0,15.0,1,7,1
832,833,7.0,94.0,22.0,15.0,1,6,1
833,834,19.0,67.0,10.0,15.0,1,5,1
834,835,21.0,255.0,25.0,15.0,2,7,1
835,836,3.0,32.0,20.0,15.0,1,6,1
836,837,12.0,91.0,10.0,15.0,2,5,1
837,838,6.0,43.0,10.0,15.0,3,5,1
838,839,5.0,97.0,25.0,15.0,1,7,1
839,840,18.0,116.0,10.0,15.0,3,5,1
840,841,10.0,74.0,10.0,15.0,4,5,1
841,842,4.0,27.0,11.0,15.0,3,5,1
842,843,12.0,102.0,7.0,15.0,3,4,1
843,844,16.0,74.0,12.0,15.0,1,5,1
844,845,2.0,50.0,25.0,15.0,1,7,1
845,846,13.0,107.0,10.0,15.0,3,5,1
846,847,29.0,265.03125,25.0,15.0,3,7,1
847,848,14.0,49.0,4.0,15.0,4,4,1
848,849,12.0,87.0,12.0,15.0,2,5,1
849,850,4.0,67.0,25.0,15.0,2,7,1
850,851,12.0,72.0,6.0,15.0,4,4,1
851,852,14.0,85.0,10.0,15.0,4,5,1
852,853,14.0,163.0,18.0,15.0,2,6,1
853,854,5.0,39.0,8.0,15.0,4,5,1
854,855,10.0,128.0,15.0,15.0,2,6,1
855,856,6.0,40.0,10.0,15.0,3,5,1
856,857,11.0,134.0,20.0,15.0,1,6,0
857,858,12.0,252.0,35.0,15.0,3,7,0
858,859,13.0,240.0,25.0,15.0,1,7,0
859,860,24.0,243.0,15.0,15.0,3,6,0
860,861,3.0,52.0,22.0,15.0,1,6,1
861,862,7.0,66.0,15.0,15.0,3,6,0
862,863,5.0,34.0,7.0,15.0,4,5,0
863,864,5.0,97.0,35.0,15.0,1,7,0
864,865,14.0,122.0,15.0,15.0,1,6,0
865,866,13.0,145.0,15.0,15.0,1,6,0
866,867,6.0,135.0,25.0,15.0,1,7,0
867,868,11.0,106.0,10.0,15.0,2,5,0
868,869,10.0,132.0,17.0,15.0,1,6,0
869,870,12.0,108.0,12.0,15.0,2,5,0
870,871,8.0,74.0,10.0,15.0,3,5,0
871,872,25.0,265.03125,30.0,15.0,3,7,0
872,873,3.0,33.0,17.0,15.0,1,6,0
873,874,4.0,36.0,10.0,15.0,3,5,0
874,875,2.0,25.0,20.0,15.0,1,6,0
875,876,2.0,25.0,20.0,15.0,1,6,0
876,877,14.0,92.0,10.0,15.0,2,5,0
877,878,29.0,116.0,10.0,15.0,2,5,0
878,879,13.0,99.0,10.0,15.0,2,5,0
879,880,4.0,30.0,9.0,15.0,3,5,0
880,881,9.0,110.0,15.0,15.0,4,6,0
881,882,7.0,118.0,20.0,15.0,2,6,0
882,883,11.0,113.0,20.0,15.0,2,6,0
883,884,24.0,265.03125,22.0,15.0,1,6,0
884,885,29.0,225.0,10.0,15.0,1,5,0
885,886,16.0,145.0,12.0,15.0,3,5,0
886,887,29.0,100.0,5.0,15.0,4,4,0
887,888,29.0,265.03125,15.0,15.0,1,6,0
888,889,6.0,100.0,20.0,15.0,1,6,0
889,890,15.0,98.0,10.0,15.0,4,5,1
890,891,12.0,82.0,9.0,15.0,4,5,0
891,892,2.0,30.0,20.0,15.0,1,6,0
892,893,6.0,28.0,6.0,15.0,4,4,0
893,894,12.0,110.0,10.0,15.0,3,5,0
894,895,13.0,265.03125,35.0,15.0,2,7,0
895,896,27.0,202.0,8.0,15.0,4,5,0
896,897,18.0,265.03125,20.0,15.0,4,6,0
897,898,4.0,40.0,10.0,15.0,3,5,1
898,899,19.0,83.0,7.0,15.0,4,4,0
899,900,13.0,150.0,15.0,15.0,2,7,0
900,901,10.0,142.0,20.0,15.0,1,6,0
901,902,17.0,256.0,20.0,15.0,2,6,0
902,903,14.0,94.0,7.0,15.0,4,4,0
903,904,13.0,93.0,20.0,15.0,2,6,1
904,905,8.0,111.0,25.0,15.0,1,7,0
905,906,29.0,190.0,6.0,15.0,4,4,0
906,907,8.0,59.0,10.0,15.0,3,5,0
907,908,21.0,227.0,10.0,15.0,1,5,0
908,909,29.0,265.03125,25.0,15.0,2,7,0
909,910,10.0,62.0,10.0,15.0,3,5,1
910,911,26.0,129.0,9.0,15.0,4,5,0
911,912,2.0,18.0,15.0,15.0,2,6,0
912,913,4.0,67.0,25.0,15.0,1,7,0
913,914,4.0,40.0,15.0,15.0,1,6,0
914,915,1.0,20.0,20.0,15.0,1,6,0
915,916,3.0,33.0,17.0,15.0,1,6,0
916,917,11.0,90.0,8.0,15.0,3,4,0
917,918,2.0,25.0,15.0,15.0,1,6,0
918,919,14.0,265.03125,35.0,15.0,3,7,0
919,920,11.0,116.0,12.0,15.0,2,5,0
920,921,12.0,106.0,10.0,15.0,2,6,0
921,922,5.0,100.0,20.0,15.0,2,7,0
922,923,3.0,42.0,20.0,15.0,2,6,0
923,924,6.0,29.0,3.0,15.0,3,5,0
924,925,8.0,135.0,20.0,15.0,1,6,0
925,926,7.0,75.0,15.0,15.0,1,6,0
926,927,11.0,98.0,13.0,15.0,3,6,0
927,928,4.0,47.0,20.0,15.0,1,6,0
928,929,2.0,52.0,27.0,15.0,1,7,0
929,930,29.0,265.03125,15.0,15.0,4,6,0
930,931,8.0,120.0,20.0,15.0,1,6,0
931,932,13.0,100.0,15.0,15.0,2,6,0
932,933,9.0,80.0,11.0,15.0,4,6,0
933,934,4.0,41.0,17.0,15.0,1,6,0
934,935,24.0,204.0,11.0,15.0,3,5,0
935,936,3.0,50.0,25.0,15.0,1,7,1
936,937,25.0,265.03125,18.0,15.0,4,6,0
937,938,1.0,25.0,25.0,15.0,1,7,0
938,939,5.0,62.0,15.0,15.0,2,6,0
939,940,6.0,82.0,17.0,15.0,1,6,0
940,941,6.0,137.0,35.0,15.0,3,7,0
941,942,3.0,38.0,16.0,15.0,1,6,0
942,943,3.0,40.0,25.0,15.0,1,7,0
943,944,3.0,45.0,15.0,15.0,1,6,0
944,945,8.0,127.0,35.0,15.0,1,7,0
945,946,10.0,64.0,10.0,15.0,3,5,0
946,947,7.0,67.0,10.0,15.0,4,6,0
947,948,9.0,100.0,14.0,15.0,4,6,0
948,949,3.0,52.0,30.0,15.0,2,7,0
949,950,7.0,57.0,11.0,15.0,3,5,0
950,951,13.0,112.0,25.0,15.0,4,7,0
951,952,4.0,52.0,25.0,15.0,2,7,0
952,953,29.0,146.0,3.0,15.0,3,4,0
953,954,8.0,85.0,16.0,15.0,2,6,0
954,955,6.0,77.0,35.0,15.0,2,7,0
955,956,4.0,35.0,10.0,15.0,3,5,0
956,957,8.0,111.0,32.0,15.0,1,7,0
957,958,5.0,39.0,9.0,15.0,3,5,1
958,959,2.0,40.0,20.0,15.0,1,6,0
959,960,21.0,154.0,16.0,15.0,1,6,0
960,961,21.0,187.0,10.0,15.0,2,5,0
961,962,20.0,120.0,12.0,15.0,1,5,0
962,963,21.0,242.0,16.0,15.0,4,6,0
963,964,4.0,49.0,15.0,15.0,2,6,0
964,965,9.0,128.0,25.0,15.0,2,7,0
965,966,17.0,75.0,3.0,15.0,3,4,0
966,967,4.0,50.0,20.0,15.0,1,6,0
967,968,10.0,60.0,10.0,15.0,3,5,0
968,969,4.0,65.0,25.0,15.0,2,7,0
969,970,12.0,112.0,10.0,15.0,2,5,0
970,971,9.0,82.0,15.0,15.0,3,6,0
971,972,14.0,69.0,10.0,15.0,2,5,0
972,973,9.0,50.0,8.0,15.0,4,4,0
973,974,4.0,62.0,20.0,15.0,1,6,0
974,975,18.0,99.0,9.0,15.0,2,5,0
975,976,6.0,92.0,5.0,15.0,2,7,0
976,977,3.0,44.0,28.0,15.0,1,7,0
977,978,13.0,56.0,10.0,15.0,2,5,0
978,979,7.0,84.0,30.0,15.0,1,7,0
979,980,6.0,70.0,10.0,15.0,2,6,0
980,981,8.0,122.0,25.0,15.0,1,7,0
981,982,17.0,62.0,10.0,15.0,2,5,0
982,983,8.0,83.0,11.0,15.0,3,5,0
983,984,4.0,80.0,15.0,15.0,1,6,0
984,985,7.0,39.0,5.0,15.0,4,4,0
985,986,6.0,101.0,25.0,15.0,1,7,0
986,987,12.0,197.0,25.0,15.0,2,7,0
987,988,9.0,48.0,10.0,15.0,3,5,0
988,989,2.0,21.0,6.0,15.0,2,6,0
989,990,7.0,64.0,15.0,15.0,1,6,0
990,991,13.0,111.0,17.0,15.0,1,6,0
991,992,19.0,95.0,7.0,15.0,3,4,0
992,993,7.0,61.0,15.0,15.0,1,6,0
993,994,15.0,93.0,6.0,15.0,4,4,0
994,995,11.0,90.0,9.0,15.0,4,5,0
995,996,21.0,265.03125,25.0,15.0,1,7,0
996,997,6.0,117.0,25.0,15.0,1,7,0
997,998,6.0,110.0,25.0,15.0,2,7,0
998,999,13.0,100.0,5.0,15.0,4,5,0
999,1000,1.0,15.0,15.0,15.0,1,6,0
1000,1001,29.0,115.0,9.0,15.0,4,4,1
1001,1002,16.0,177.0,10.0,15.0,2,5,0
1002,1003,8.0,79.0,20.0,15.0,1,6,0
1003,1004,4.0,75.0,20.0,15.0,2,7,0
1004,1005,2.0,20.0,15.0,15.0,1,6,0
1005,1006,22.0,90.0,10.0,15.0,2,5,0
1006,1007,7.0,132.0,25.0,15.0,3,7,0
1007,1008,7.0,88.0,15.0,15.0,2,6,0
1008,1009,9.0,264.0,35.0,15.0,2,7,0
1009,1010,24.0,96.0,3.0,15.0,3,4,0
1010,1011,17.0,65.0,10.0,15.0,2,5,0
1011,1012,3.0,51.0,19.0,15.0,1,6,0
1012,1013,9.0,132.0,25.0,15.0,1,7,0
1013,1014,3.0,27.0,15.0,15.0,1,6,0
1014,1015,8.0,59.0,15.0,15.0,1,6,0
1015,1016,6.0,75.0,15.0,15.0,3,6,0
1016,1017,9.0,168.0,15.0,15.0,1,6,0
1017,1018,5.0,40.0,10.0,15.0,3,5,0
1018,1019,19.0,132.0,10.0,15.0,2,5,0
1019,1020,13.0,73.0,6.0,15.0,4,4,0
1020,1021,13.0,144.9,19.0,15.0,2,6,0
1021,1022,29.0,84.0,6.0,15.0,4,4,0
1022,1023,6.0,55.0,10.0,15.0,4,5,0
1023,1024,9.0,90.0,10.0,15.0,2,5,0
1024,1025,15.0,230.0,20.0,15.0,2,7,0
1025,1026,14.0,128.0,12.0,15.0,1,5,0
1026,1027,14.0,151.0,18.0,15.0,2,6,0
1027,1028,5.0,142.0,20.0,15.0,1,7,0
1028,1029,3.0,75.0,35.0,15.0,1,7,0
1029,1030,21.0,222.0,20.0,15.0,1,6,0
1030,1031,14.0,197.0,25.0,15.0,3,7,0
1031,1032,5.0,29.0,10.0,15.0,3,5,0
1032,1033,4.0,48.0,15.0,15.0,2,6,0
1033,1034,3.0,38.0,16.0,15.0,1,6,0
1034,1035,8.0,118.0,25.0,15.0,1,7,0
1035,1036,9.0,229.0,35.0,15.0,1,7,0
1036,1037,9.0,83.0,16.0,15.0,1,6,0
1037,1038,6.0,76.0,10.0,15.0,2,6,0
1038,1039,3.0,37.0,15.0,15.0,1,6,0
1039,1040,13.0,203.0,20.0,15.0,1,6,0
1040,1041,7.0,70.0,10.0,15.0,3,6,0
1041,1042,19.0,213.0,25.0,15.0,1,7,0
1042,1043,15.0,134.0,13.0,15.0,2,5,0
1043,1044,6.0,66.0,19.0,15.0,1,6,0
1044,1045,6.0,104.0,20.0,15.0,3,6,0
1045,1046,13.0,106.0,10.0,15.0,1,5,0
1046,1047,8.0,93.0,15.0,15.0,2,6,0
1047,1048,3.0,75.0,25.0,15.0,1,7,0
1048,1049,3.0,55.0,10.0,15.0,2,7,0
1049,1050,19.0,172.0,20.0,15.0,1,6,0
1050,1051,5.0,74.0,21.0,15.0,1,6,0
1051,1052,3.0,50.0,10.0,15.0,2,6,0
1052,1053,6.0,95.0,25.0,15.0,1,7,0
1053,1054,8.0,91.0,5.0,15.0,2,6,0
1054,1055,10.0,94.0,10.0,15.0,3,5,0
1055,1056,8.0,80.0,20.0,15.0,1,6,0
1056,1057,5.0,60.0,20.0,15.0,1,6,0
1057,1058,9.0,131.0,25.0,15.0,3,7,0
1058,1059,2.0,25.0,15.0,15.0,2,6,0
1059,1060,4.0,32.0,10.0,15.0,3,5,0
1060,1061,4.0,51.0,15.0,15.0,1,6,0
1061,1062,18.0,136.0,10.0,15.0,1,5,0
1062,1063,5.0,77.0,30.0,15.0,1,7,0
1063,1064,9.0,99.0,16.0,15.0,1,6,0
1064,1065,12.0,155.0,10.0,15.0,2,5,0
1065,1066,11.0,118.0,15.0,15.0,1,6,0
1066,1067,9.0,124.0,21.0,15.0,2,6,0
1067,1068,2.0,30.0,20.0,15.0,1,6,0
1068,1069,9.0,80.0,20.0,15.0,1,6,0
1069,1070,15.0,171.0,10.0,15.0,2,6,0
1070,1071,5.0,53.0,15.0,15.0,1,6,0
1071,1072,10.0,67.0,12.0,15.0,3,5,0
1072,1073,25.0,265.03125,17.0,15.0,2,6,0
1073,1074,7.0,57.0,15.0,15.0,2,6,0
1074,1075,14.0,94.0,12.0,15.0,1,5,0
1075,1076,5.0,76.0,20.0,15.0,2,6,0
1076,1077,4.0,34.0,10.0,15.0,4,5,0
1077,1078,3.0,23.0,5.0,15.0,2,6,0
1078,1079,15.0,137.0,20.0,15.0,3,6,0
1079,1080,24.0,157.0,5.0,15.0,3,5,0
1080,1081,2.0,105.0,35.0,15.0,1,7,0
1081,1082,4.0,64.0,20.0,15.0,3,6,0
1082,1083,29.0,256.0,12.0,15.0,3,5,0
1083,1084,4.0,50.0,20.0,15.0,2,6,0
1084,1085,17.0,81.0,7.0,15.0,4,4,0
1085,1086,3.0,135.0,35.0,15.0,1,7,0
1086,1087,3.0,35.0,20.0,15.0,1,6,0
1087,1088,14.0,114.0,10.0,15.0,1,5,0
1088,1089,11.0,85.0,20.0,15.0,1,6,0
1089,1090,2.0,28.0,15.0,15.0,1,6,0
1090,1091,17.0,265.03125,30.0,15.0,2,7,0
1091,1092,7.0,100.0,25.0,15.0,1,7,0
1092,1093,3.0,42.0,20.0,15.0,1,6,0
1093,1094,5.0,53.0,15.0,15.0,2,6,0
1094,1095,3.0,35.0,20.0,15.0,1,6,0
1095,1096,3.0,81.0,25.0,15.0,2,7,0
1096,1097,17.0,139.0,12.0,15.0,1,5,0
1097,1098,8.0,83.0,11.0,15.0,2,5,0
1098,1099,2.0,25.0,15.0,15.0,1,6,0
1099,1100,5.0,64.0,17.0,15.0,1,6,0
1100,1101,10.0,125.0,10.0,15.0,2,5,0
1101,1102,9.0,113.0,20.0,15.0,1,6,0
1102,1103,8.0,141.0,20.0,15.0,1,6,0
1103,1104,5.0,37.0,10.0,15.0,3,5,0
1104,1105,9.0,110.0,15.0,15.0,2,6,0
1105,1106,21.0,265.03125,15.0,15.0,3,7,0
1106,1107,7.0,92.0,16.0,15.0,1,6,1
1107,1108,7.0,61.0,15.0,15.0,1,6,0
1108,1109,2.0,25.0,15.0,15.0,1,6,0
1109,1110,12.0,80.0,11.0,15.0,2,5,0
1110,1111,9.0,93.0,15.0,15.0,1,6,0
1111,1112,7.0,77.0,17.0,15.0,1,6,0
1112,1113,16.0,209.0,20.0,15.0,4,7,0
1113,1114,4.0,60.0,20.0,15.0,1,6,0
1114,1115,10.0,120.0,16.0,15.0,2,6,0
1115,1116,29.0,210.58,10.0,15.0,3,7,0
1116,1117,5.0,45.0,12.0,15.0,3,5,0
1117,1118,7.0,66.0,15.0,15.0,1,6,0
1118,1119,5.0,53.0,15.0,15.0,1,6,0
1119,1120,8.0,65.0,15.0,15.0,3,6,0
1120,1121,4.0,35.0,15.0,15.0,2,6,1
1121,1122,2.0,20.0,5.0,15.0,2,6,0
1122,1123,11.0,143.0,22.0,15.0,1,6,0
1123,1124,23.0,265.03125,13.0,15.0,1,5,0
1124,1125,13.0,163.0,25.0,15.0,1,7,0
1125,1126,2.0,30.0,15.0,15.0,2,6,0
1126,1127,15.0,98.0,10.0,15.0,2,5,0
1127,1128,9.0,198.0,25.0,15.0,3,7,0
1128,1129,5.0,63.0,18.0,15.0,1,6,0
1129,1130,6.0,265.03125,32.0,15.0,1,7,0
1130,1131,10.0,109.0,18.0,15.0,1,6,0
1131,1132,3.0,40.0,16.0,15.0,1,6,0
1132,1133,16.0,202.62,20.0,15.0,1,6,0
1133,1134,2.0,32.0,17.0,15.0,1,6,0
1134,1135,29.0,265.03125,10.0,15.0,3,5,0
1135,1136,23.0,194.0,10.0,15.0,1,5,0
1136,1137,6.0,100.0,31.0,15.0,2,7,0
1137,1138,4.0,35.0,20.0,15.0,1,6,0
1138,1139,11.0,86.0,10.0,15.0,2,6,0
1139,1140,6.0,74.0,20.0,15.0,1,6,0
1140,1141,4.0,65.0,20.0,15.0,3,7,0
1141,1142,26.0,251.0,17.0,15.0,2,6,0
1142,1143,9.0,76.0,20.0,15.0,1,6,0
1143,1144,11.0,60.0,5.0,15.0,4,5,0
1144,1145,9.0,29.6,3.0,15.0,4,4,1
1145,1146,4.0,25.0,10.0,15.0,3,5,0
1146,1147,17.0,188.0,15.0,15.0,2,7,0
1147,1148,1.0,15.0,15.0,15.0,1,6,0
1148,1149,3.0,45.0,25.0,15.0,2,7,0
1149,1150,15.0,123.0,20.0,15.0,1,6,0
1150,1151,2.0,20.0,15.0,15.0,2,6,0
1151,1152,2.0,25.0,15.0,15.0,1,6,0
1152,1153,6.0,34.0,6.0,15.0,4,5,0
1153,1154,4.0,38.0,25.0,15.0,2,7,0
1154,1155,11.0,83.0,10.0,15.0,3,5,0
1155,1156,23.0,192.0,14.0,15.0,1,5,0
1156,1157,12.0,247.0,20.0,15.0,4,7,1
1157,1158,16.0,71.0,4.0,15.0,4,4,0
1158,1159,3.0,35.0,10.0,15.0,2,6,0
1159,1160,6.0,50.0,10.0,15.0,3,5,0
1160,1161,18.0,171.0,13.0,15.0,1,5,0
1161,1162,12.0,265.03125,35.0,15.0,1,7,0
1162,1163,24.0,132.0,6.0,15.0,4,4,0
1163,1164,11.0,77.0,8.0,15.0,4,4,0
1164,1165,20.0,169.0,11.0,15.0,1,5,0
1165,1166,21.0,178.0,10.0,15.0,3,5,0
1166,1167,3.0,70.0,20.0,15.0,2,7,0
1167,1168,12.0,203.0,22.0,15.0,1,6,0
1168,1169,17.0,102.0,11.0,15.0,4,5,0
1169,1170,29.0,159.0,7.0,14.0,4,4,1
1170,1171,16.0,79.0,5.0,14.0,4,4,1
1171,1172,3.0,30.0,10.0,14.0,2,6,1
1172,1173,29.0,175.0,5.0,14.0,4,4,1
1173,1174,3.0,45.0,20.0,14.0,1,6,1
1174,1175,15.0,189.0,10.0,14.0,4,6,1
1175,1176,9.0,81.0,12.0,14.0,3,6,1
1176,1177,5.0,90.0,25.0,14.0,2,7,1
1177,1178,1.0,15.0,15.0,14.0,1,6,1
1178,1179,22.0,197.0,12.0,14.0,1,5,1
1179,1180,11.0,145.0,20.0,14.0,2,6,1
1180,1181,3.0,70.0,25.0,14.0,1,7,1
1181,1182,29.0,131.75,3.0,14.0,4,4,1
1182,1183,3.0,26.0,10.0,14.0,3,5,1
1183,1184,1.0,53.0,35.0,14.0,1,7,1
1184,1185,23.0,122.0,5.0,14.0,3,4,1
1185,1186,1.0,15.0,15.0,14.0,1,6,1
1186,1187,17.0,53.0,2.0,14.0,4,4,1
1187,1188,2.0,36.0,21.0,14.0,2,6,1
1188,1189,5.0,47.0,15.0,14.0,4,6,1
1189,1190,2.0,26.0,16.0,14.0,2,6,1
1190,1191,21.0,97.0,5.0,14.0,4,4,1
1191,1192,7.0,18.0,5.0,14.0,4,4,1
1192,1193,8.0,64.0,10.0,14.0,4,5,1
1193,1194,14.0,105.0,5.0,14.0,4,5,1
1194,1195,10.0,104.0,25.0,14.0,2,7,1
1195,1196,18.0,80.0,6.0,14.0,3,4,1
1196,1197,17.0,68.0,5.0,14.0,3,4,1
1197,1198,16.0,75.0,7.0,14.0,4,4,1
1198,1199,22.0,176.0,5.0,14.0,3,6,1
1199,1200,3.0,30.0,15.0,14.0,1,6,1
1200,1201,5.0,65.0,20.0,14.0,4,6,1
1201,1202,10.0,49.0,6.0,14.0,4,4,1
1202,1203,3.0,60.0,25.0,14.0,1,7,1
1203,1204,7.0,79.0,12.0,14.0,2,6,1
1204,1205,27.0,119.0,7.0,14.0,3,4,1
1205,1206,5.0,74.0,30.0,14.0,1,7,1
1206,1207,8.0,61.0,10.0,14.0,3,5,1
1207,1208,1.0,15.0,15.0,14.0,1,6,1
1208,1209,7.0,49.0,7.0,14.0,4,5,1
1209,1210,11.0,114.0,13.0,14.0,2,5,1
1210,1211,14.0,73.0,7.0,14.0,3,4,1
1211,1212,11.0,93.0,10.0,14.0,2,5,1
1212,1213,8.0,66.0,9.0,14.0,4,5,1
1213,1214,9.0,60.0,6.0,14.0,4,4,1
1214,1215,7.0,32.0,5.0,14.0,4,4,1
1215,1216,12.0,93.0,10.0,14.0,3,5,1
1216,1217,15.0,265.03125,12.0,14.0,1,6,1
1217,1218,7.0,43.0,6.0,14.0,4,5,1
1218,1219,19.0,114.0,9.0,14.0,3,5,1
1219,1220,14.0,75.0,5.0,14.0,4,4,1
1220,1221,12.0,38.0,5.0,14.0,4,4,1
1221,1222,6.0,60.0,18.0,14.0,1,6,1
1222,1223,5.0,57.0,10.0,14.0,3,6,1
1223,1224,7.0,63.0,10.0,14.0,1,6,1
1224,1225,13.0,53.0,4.0,14.0,4,4,1
1225,1226,1.0,20.0,20.0,14.0,1,6,1
1226,1227,1.0,25.0,25.0,14.0,1,7,1
1227,1228,10.0,97.0,20.0,14.0,1,6,1
1228,1229,8.0,57.0,10.0,14.0,3,5,1
1229,1230,12.0,216.0,25.0,14.0,1,7,1
1230,1231,19.0,76.0,2.0,14.0,4,4,1
1231,1232,1.0,15.0,15.0,14.0,1,6,1
1232,1233,4.0,52.0,21.0,14.0,1,6,1
1233,1234,16.0,86.0,5.0,14.0,4,4,1
1234,1235,14.0,103.0,10.0,14.0,2,5,1
1235,1236,18.0,87.0,5.0,14.0,3,4,1
1236,1237,1.0,15.0,15.0,14.0,1,6,1
1237,1238,1.0,25.0,25.0,14.0,1,7,0
1238,1239,3.0,29.0,15.0,14.0,2,6,1
1239,1240,2.0,20.0,15.0,14.0,1,6,0
1240,1241,25.0,91.0,5.0,14.0,3,4,0
1241,1242,1.0,20.0,20.0,14.0,1,6,0
1242,1243,10.0,94.0,16.0,14.0,1,6,0
1243,1244,4.0,115.0,35.0,14.0,2,7,0
1244,1245,5.0,51.0,11.0,14.0,4,5,1
1245,1246,7.0,40.0,5.0,14.0,4,5,0
1246,1247,1.0,15.0,15.0,14.0,1,6,0
1247,1248,14.0,265.03125,25.0,14.0,1,7,0
1248,1249,6.0,92.0,10.0,14.0,1,6,0
1249,1250,2.0,125.0,35.0,14.0,1,7,0
1250,1251,16.0,87.0,7.0,14.0,4,4,1
1251,1252,17.0,248.0,10.0,14.0,1,5,1
1252,1253,9.0,94.0,16.0,14.0,1,6,0
1253,1254,1.0,30.0,30.0,14.0,1,7,0
1254,1255,1.0,25.0,25.0,14.0,1,7,0
1255,1256,5.0,60.0,10.0,14.0,2,6,0
1256,1257,22.0,172.0,10.0,14.0,3,6,0
1257,1258,29.0,72.0,1.0,14.0,4,4,0
1258,1259,12.0,114.0,10.0,14.0,2,5,0
1259,1260,22.0,255.0,12.0,14.0,2,5,0
1260,1261,4.0,44.0,17.0,14.0,1,6,1
1261,1262,1.0,25.0,25.0,14.0,1,7,0
1262,1263,1.0,15.0,15.0,14.0,1,6,0
1263,1264,23.0,141.0,9.0,14.0,4,4,0
1264,1265,7.0,104.0,25.0,14.0,3,7,0
1265,1266,9.0,79.0,20.0,14.0,2,6,0
1266,1267,29.0,108.0,5.0,14.0,4,4,0
1267,1268,29.0,262.0,10.0,14.0,4,6,0
1268,1269,6.0,74.0,15.0,14.0,1,6,0
1269,1270,7.0,62.0,15.0,14.0,1,6,0
1270,1271,2.0,28.0,20.0,14.0,2,6,0
1271,1272,9.0,117.0,20.0,14.0,2,7,0
1272,1273,11.0,85.0,10.0,14.0,4,5,0
1273,1274,21.0,265.03125,10.0,14.0,3,5,0
1274,1275,29.0,265.03125,7.0,14.0,4,4,0
1275,1276,8.0,106.0,15.0,14.0,1,6,0
1276,1277,3.0,60.0,25.0,14.0,3,7,0
1277,1278,19.0,146.0,10.0,14.0,2,5,0
1278,1279,12.0,265.03125,35.0,14.0,1,7,0
1279,1280,4.0,46.0,20.0,14.0,3,6,0
1280,1281,9.0,125.0,25.0,14.0,1,7,0
1281,1282,6.0,90.0,15.0,14.0,1,6,0
1282,1283,3.0,42.0,17.0,14.0,1,6,0
1283,1284,7.0,119.0,20.0,14.0,3,6,0
1284,1285,1.0,30.0,30.0,14.0,1,7,1
1285,1286,24.0,152.0,10.0,14.0,1,5,0
1286,1287,21.0,196.0,20.0,14.0,1,6,0
1287,1288,3.0,55.0,25.0,14.0,1,7,0
1288,1289,1.0,15.0,15.0,14.0,1,6,0
1289,1290,6.0,29.0,5.0,14.0,4,4,0
1290,1291,4.0,32.0,10.0,14.0,4,5,0
1291,1292,9.0,104.0,16.0,14.0,1,6,0
1292,1293,3.0,25.0,10.0,14.0,3,5,0
1293,1294,2.0,45.0,25.0,14.0,1,7,0
1294,1295,16.0,78.0,7.0,14.0,4,4,0
1295,1296,6.0,78.0,16.0,14.0,1,6,0
1296,1297,1.0,20.0,20.0,14.0,1,6,0
1297,1298,25.0,114.0,5.0,14.0,3,4,0
1298,1299,1.0,20.0,20.0,14.0,1,6,0
1299,1300,1.0,23.0,23.0,14.0,1,6,1
1300,1301,1.0,25.0,25.0,14.0,1,7,0
1301,1302,5.0,69.0,16.0,14.0,3,6,0
1302,1303,9.0,101.0,14.0,14.0,4,5,0
1303,1304,16.0,84.0,10.0,14.0,1,5,0
1304,1305,22.0,105.0,7.0,14.0,4,4,0
1305,1306,11.0,98.0,10.0,14.0,3,5,0
1306,1307,5.0,76.0,20.0,14.0,1,6,0
1307,1308,1.0,20.0,20.0,14.0,1,6,0
1308,1309,3.0,35.0,18.0,14.0,2,6,0
1309,1310,8.0,105.0,15.0,14.0,1,6,0
1310,1311,1.0,20.0,20.0,14.0,1,6,0
1311,1312,1.0,25.0,25.0,14.0,1,7,0
1312,1313,13.0,98.0,12.0,14.0,2,5,0
1313,1314,23.0,132.0,10.0,14.0,4,5,1
1314,1315,4.0,44.0,12.0,14.0,3,6,0
1315,1316,11.0,172.0,25.0,14.0,2,7,0
1316,1317,7.0,48.0,8.0,14.0,4,4,0
1317,1318,29.0,151.5,4.0,14.0,3,4,0
1318,1319,4.0,30.0,10.0,14.0,3,5,1
1319,1320,12.0,142.0,10.0,14.0,3,6,0
1320,1321,1.0,17.0,17.0,14.0,1,6,0
1321,1322,13.0,120.0,15.0,14.0,2,6,0
1322,1323,17.0,53.0,5.0,14.0,3,4,1
1323,1324,4.0,78.0,25.0,14.0,1,7,0
1324,1325,8.0,39.0,7.0,14.0,4,4,0
1325,1326,10.0,86.0,10.0,14.0,2,5,0
1326,1327,16.0,78.0,10.0,14.0,1,5,0
1327,1328,13.0,159.0,15.0,14.0,1,6,0
1328,1329,4.0,52.0,20.0,14.0,1,6,0
1329,1330,7.0,95.0,25.0,14.0,1,7,0
1330,1331,10.0,40.0,10.0,14.0,3,5,0
1331,1332,1.0,25.0,25.0,14.0,1,7,0
1332,1333,8.0,93.0,18.0,14.0,2,6,0
1333,1334,3.0,31.0,15.0,14.0,1,6,0
1334,1335,27.0,108.5,6.0,14.0,3,4,0
1335,1336,1.0,20.0,20.0,14.0,1,6,0
1336,1337,18.0,176.0,15.0,14.0,2,6,0
1337,1338,4.0,65.0,25.0,14.0,1,7,0
1338,1339,1.0,20.0,20.0,14.0,1,6,0
1339,1340,19.0,202.0,12.0,14.0,1,5,0
1340,1341,3.0,32.0,20.0,14.0,1,6,0
1341,1342,1.0,28.0,28.0,14.0,1,7,0
1342,1343,4.0,85.0,30.0,14.0,1,7,0
1343,1344,18.0,128.0,13.0,14.0,3,5,0
1344,1345,10.0,101.0,10.0,14.0,3,5,0
1345,1346,7.0,158.0,29.0,14.0,3,7,0
1346,1347,12.0,145.0,15.0,14.0,4,6,0
1347,1348,14.0,81.0,5.0,14.0,3,4,0
1348,1349,6.0,52.0,10.0,14.0,3,5,0
1349,1350,19.0,191.0,15.0,14.0,2,6,0
1350,1351,2.0,70.0,35.0,14.0,2,7,0
1351,1352,12.0,155.0,20.0,14.0,1,6,0
1352,1353,9.0,156.0,27.0,14.0,1,7,0
1353,1354,1.0,25.0,25.0,14.0,1,7,0
1354,1355,16.0,112.0,13.0,14.0,1,5,0
1355,1356,2.0,40.0,30.0,14.0,1,7,0
1356,1357,1.0,15.0,15.0,14.0,1,6,0
1357,1358,1.0,15.0,15.0,14.0,1,6,0
1358,1359,22.0,104.0,5.0,14.0,3,4,0
1359,1360,20.0,159.0,10.0,14.0,1,5,0
1360,1361,10.0,76.0,11.0,14.0,3,5,1
1361,1362,8.0,65.0,10.0,14.0,4,5,1
1362,1363,5.0,41.0,5.0,14.0,4,5,0
1363,1364,9.0,63.0,15.0,14.0,2,6,0
1364,1365,5.0,71.0,17.0,14.0,1,6,0
1365,1366,3.0,26.0,10.0,14.0,3,5,0
1366,1367,14.0,141.0,10.0,14.0,2,5,0
1367,1368,8.0,210.0,30.0,14.0,1,7,0
1368,1369,12.0,103.5,25.0,14.0,1,7,0
1369,1370,3.0,44.0,20.0,14.0,1,6,1
1370,1371,29.0,135.5,5.0,14.0,4,4,0
1371,1372,2.0,30.0,20.0,14.0,2,6,0
1372,1373,7.0,77.0,10.0,14.0,3,5,0
1373,1374,12.0,104.0,10.0,14.0,2,5,0
1374,1375,2.0,25.0,15.0,14.0,2,6,0
1375,1376,8.0,48.0,10.0,14.0,3,5,0
1376,1377,5.0,58.0,25.0,14.0,1,7,0
1377,1378,12.0,58.0,7.0,14.0,4,4,1
1378,1379,1.0,15.0,15.0,14.0,1,6,0
1379,1380,15.0,78.0,10.0,14.0,2,5,0
1380,1381,11.0,89.0,25.0,14.0,2,7,0
1381,1382,2.0,45.0,25.0,14.0,1,7,0
1382,1383,12.0,61.0,5.0,14.0,4,4,0
1383,1384,23.0,114.0,10.0,14.0,1,5,0
1384,1385,25.0,146.0,7.0,14.0,3,4,0
1385,1386,11.0,100.0,10.0,14.0,4,5,0
1386,1387,23.0,190.0,15.0,14.0,1,6,0
1387,1388,21.0,106.0,5.0,14.0,4,4,0
1388,1389,1.0,20.0,20.0,14.0,1,6,0
1389,1390,5.0,60.0,20.0,14.0,1,6,0
1390,1391,4.0,45.0,12.0,14.0,2,6,0
1391,1392,11.0,124.0,25.0,14.0,2,7,0
1392,1393,13.0,164.0,17.0,14.0,1,6,0
1393,1394,8.0,39.0,5.0,14.0,4,4,0
1394,1395,13.0,137.0,25.0,14.0,2,7,0
1395,1396,29.0,265.03125,20.0,14.0,4,7,0
1396,1397,21.0,265.03125,35.0,14.0,1,7,0
1397,1398,4.0,54.0,15.0,14.0,2,6,0
1398,1399,9.0,113.0,20.0,14.0,2,6,0
1399,1400,14.0,265.03125,30.0,14.0,3,6,0
1400,1401,4.0,34.0,20.0,14.0,2,6,0
1401,1402,3.0,50.0,25.0,14.0,2,7,0
1402,1403,12.0,35.0,3.0,14.0,4,4,1
1403,1404,8.0,80.0,10.0,14.0,3,5,0
1404,1405,1.0,50.0,35.0,14.0,1,7,0
1405,1406,10.0,137.0,21.0,14.0,1,6,0
1406,1407,12.0,106.0,3.0,14.0,4,5,0
1407,1408,13.0,80.0,8.0,14.0,4,4,0
1408,1409,1.0,20.0,20.0,14.0,1,6,0
1409,1410,1.0,25.0,25.0,14.0,1,7,0
1410,1411,4.0,46.0,10.0,14.0,2,6,0
1411,1412,5.0,72.0,25.0,14.0,1,7,0
1412,1413,1.0,25.0,25.0,14.0,1,7,0
1413,1414,13.0,103.0,5.0,14.0,4,6,1
1414,1415,3.0,22.0,10.0,14.0,3,5,0
1415,1416,2.0,25.0,15.0,14.0,2,6,0
1416,1417,20.0,147.0,11.0,14.0,2,5,1
1417,1418,12.0,204.0,20.0,14.0,4,6,0
1418,1419,13.0,115.0,12.0,14.0,2,5,0
1419,1420,8.0,115.0,35.0,14.0,3,7,0
1420,1421,7.0,70.0,13.0,14.0,3,5,0
1421,1422,4.0,35.0,10.0,14.0,3,5,0
1422,1423,14.0,114.0,10.0,14.0,2,5,0
1423,1424,2.0,25.0,15.0,14.0,2,6,0
1424,1425,16.0,56.0,5.0,14.0,4,4,0
1425,1426,12.0,91.0,12.0,14.0,3,5,0
1426,1427,5.0,38.0,10.0,13.0,3,5,1
1427,1428,2.0,25.0,10.0,13.0,2,6,1
1428,1429,5.0,190.0,35.0,13.0,3,7,1
1429,1430,9.0,68.0,10.0,13.0,4,5,1
1430,1431,6.0,57.0,11.0,13.0,4,5,1
1431,1432,6.0,52.0,10.0,13.0,3,5,1
1432,1433,1.0,25.0,25.0,13.0,1,7,1
1433,1434,2.0,23.0,15.0,13.0,2,6,1
1434,1435,10.0,152.0,18.0,13.0,4,6,1
1435,1436,21.0,125.0,7.0,13.0,4,4,1
1436,1437,13.0,66.0,5.0,13.0,4,4,1
1437,1438,10.0,96.0,15.0,13.0,2,6,1
1438,1439,5.0,29.0,6.0,13.0,4,5,1
1439,1440,5.0,103.19,25.0,13.0,3,7,1
1440,1441,9.0,49.0,5.0,13.0,4,5,1
1441,1442,16.0,157.0,11.0,13.0,2,5,1
1442,1443,5.0,45.0,10.0,13.0,3,5,1
1443,1444,5.0,45.0,15.0,13.0,2,6,1
1444,1445,29.0,119.0,3.0,13.0,3,4,1
1445,1446,6.0,68.0,13.0,13.0,4,6,1
1446,1447,18.0,265.03125,25.0,13.0,3,7,1
1447,1448,24.0,135.0,10.0,13.0,2,5,1
1448,1449,8.0,71.0,10.0,13.0,4,5,1
1449,1450,13.0,64.0,7.0,13.0,4,4,1
1450,1451,9.0,118.0,25.0,13.0,1,7,1
1451,1452,4.0,28.0,8.0,13.0,3,5,1
1452,1453,4.0,38.0,15.0,13.0,1,6,1
1453,1454,5.0,61.0,15.0,13.0,2,6,1
1454,1455,28.0,228.0,10.0,13.0,2,5,1
1455,1456,2.0,50.0,25.0,13.0,1,7,1
1456,1457,12.0,118.0,10.0,13.0,2,5,1
1457,1458,7.0,212.0,35.0,13.0,3,7,1
1458,1459,17.0,80.0,5.0,13.0,3,4,1
1459,1460,10.0,108.0,10.0,13.0,2,5,1
1460,1461,1.0,25.0,25.0,13.0,1,7,1
1461,1462,7.0,88.0,14.0,13.0,4,6,1
1462,1463,10.0,73.0,10.0,13.0,2,5,1
1463,1464,29.0,265.03125,11.0,13.0,4,5,1
1464,1465,11.0,55.0,5.0,13.0,4,4,1
1465,1466,4.0,40.0,11.0,13.0,3,5,1
1466,1467,29.0,265.03125,11.0,13.0,1,5,1
1467,1468,23.0,106.0,5.0,13.0,3,4,1
1468,1469,20.0,121.0,7.0,13.0,4,4,1
1469,1470,2.0,25.0,20.0,13.0,2,6,1
1470,1471,5.0,33.0,10.0,13.0,4,5,1
1471,1472,6.0,84.0,20.0,13.0,4,6,1
1472,1473,4.0,55.0,15.0,13.0,4,6,1
1473,1474,11.0,50.0,5.0,13.0,4,4,1
1474,1475,29.0,246.0,5.0,13.0,3,4,1
1475,1476,11.0,86.0,15.0,13.0,1,6,1
1476,1477,8.0,85.0,17.0,13.0,1,6,1
1477,1478,3.0,37.0,15.0,13.0,2,6,1
1478,1479,6.0,65.0,20.0,13.0,2,6,1
1479,1480,12.0,67.0,7.0,13.0,4,5,1
1480,1481,17.0,141.0,10.0,13.0,1,5,1
1481,1482,17.0,80.25,9.0,13.0,3,4,1
1482,1483,8.0,84.0,14.0,13.0,4,6,1
1483,1484,1.0,25.0,25.0,13.0,1,7,1
1484,1485,14.0,125.0,5.0,13.0,2,5,1
1485,1486,5.0,55.0,15.0,13.0,1,6,1
1486,1487,16.0,59.0,4.0,13.0,4,4,1
1487,1488,1.0,25.0,25.0,13.0,1,7,1
1488,1489,9.0,122.0,15.0,13.0,2,6,1
1489,1490,1.0,15.0,15.0,13.0,1,6,1
1490,1491,5.0,47.0,11.0,13.0,4,5,0
1491,1492,17.0,158.0,10.0,13.0,2,5,0
1492,1493,2.0,25.0,15.0,13.0,2,6,0
1493,1494,2.0,20.0,15.0,13.0,2,6,0
1494,1495,1.0,20.0,20.0,13.0,1,6,0
1495,1496,5.0,50.0,15.0,13.0,2,6,0
1496,1497,7.0,69.0,12.0,13.0,4,5,1
1497,1498,4.0,28.0,10.0,13.0,3,5,1
1498,1499,23.0,176.0,4.0,13.0,4,5,0
1499,1500,24.0,125.0,10.0,13.0,4,5,0
1500,1501,3.0,50.0,25.0,13.0,2,7,0
1501,1502,2.0,35.0,25.0,13.0,2,7,0
1502,1503,4.0,42.0,10.0,13.0,3,5,0
1503,1504,4.0,41.0,20.0,13.0,1,6,0
1504,1505,21.0,125.0,10.0,13.0,1,5,0
1505,1506,29.0,265.03125,20.0,13.0,4,6,0
1506,1507,6.0,52.0,10.0,13.0,3,5,0
1507,1508,5.0,36.0,8.0,13.0,3,5,1
1508,1509,29.0,234.0,9.0,13.0,3,4,0
1509,1510,11.0,217.0,35.0,13.0,2,7,0
1510,1511,3.0,45.0,15.0,13.0,2,6,0
1511,1512,29.0,265.03125,17.0,13.0,1,6,0
1512,1513,5.0,50.0,10.0,13.0,1,6,0
1513,1514,10.0,135.0,30.0,13.0,1,7,0
1514,1515,1.0,15.0,15.0,13.0,1,6,0
1515,1516,1.0,25.0,25.0,13.0,1,7,0
1516,1517,17.0,223.0,14.0,13.0,2,5,0
1517,1518,29.0,123.0,6.0,13.0,4,4,0
1518,1519,15.0,108.0,7.0,13.0,4,5,0
1519,1520,2.0,100.0,35.0,13.0,2,7,0
1520,1521,8.0,65.0,10.0,13.0,4,5,0
1521,1522,12.0,162.0,25.0,13.0,1,7,0
1522,1523,9.0,74.0,18.0,13.0,3,6,0
1523,1524,1.0,15.0,15.0,13.0,1,6,0
1524,1525,13.0,95.0,10.0,13.0,2,5,0
1525,1526,3.0,22.0,7.0,13.0,3,5,0
1526,1527,11.0,88.0,12.0,13.0,2,5,0
1527,1528,2.0,29.0,6.0,13.0,2,6,0
1528,1529,3.0,55.0,20.0,13.0,2,6,0
1529,1530,5.0,52.0,20.0,13.0,3,6,0
1530,1531,20.0,71.0,5.0,13.0,3,4,0
1531,1532,1.0,15.0,15.0,13.0,1,6,0
1532,1533,4.0,54.0,18.0,13.0,1,6,0
1533,1534,20.0,149.0,11.0,13.0,2,5,0
1534,1535,6.0,74.0,18.0,13.0,2,6,0
1535,1536,4.0,25.0,5.0,13.0,3,5,0
1536,1537,2.0,42.0,22.0,13.0,1,6,1
1537,1538,2.0,25.0,20.0,13.0,2,6,0
1538,1539,4.0,31.0,6.0,13.0,4,5,0
1539,1540,1.0,15.0,15.0,13.0,1,6,0
1540,1541,10.0,71.0,11.0,13.0,3,5,0
1541,1542,1.0,20.0,20.0,13.0,1,6,0
1542,1543,12.0,115.0,10.0,13.0,1,5,0
1543,1544,3.0,35.0,15.0,13.0,1,6,0
1544,1545,4.0,26.0,11.0,13.0,3,5,0
1545,1546,14.0,132.0,12.0,13.0,1,5,0
1546,1547,16.0,162.0,14.0,13.0,4,6,1
1547,1548,15.0,79.0,5.0,13.0,3,4,0
1548,1549,12.0,76.0,8.0,13.0,3,5,0
1549,1550,2.0,28.0,15.0,13.0,1,6,1
1550,1551,1.0,23.0,23.0,13.0,1,6,0
1551,1552,7.0,110.0,25.0,13.0,2,7,0
1552,1553,4.0,46.0,15.0,13.0,1,6,0
1553,1554,6.0,90.0,16.0,13.0,2,6,0
1554,1555,2.0,36.0,21.0,13.0,2,6,0
1555,1556,1.0,15.0,15.0,13.0,1,6,0
1556,1557,1.0,15.0,15.0,13.0,1,6,0
1557,1558,13.0,104.0,14.0,13.0,2,5,0
1558,1559,19.0,197.0,18.0,13.0,2,6,0
1559,1560,2.0,25.0,15.0,13.0,2,6,0
1560,1561,3.0,30.0,20.0,13.0,1,6,0
1561,1562,9.0,112.0,15.0,13.0,2,6,0
1562,1563,16.0,85.0,10.0,13.0,4,5,0
1563,1564,11.0,176.0,20.0,13.0,2,6,0
1564,1565,4.0,42.0,20.0,13.0,1,6,0
1565,1566,7.0,46.0,10.0,13.0,3,5,0
1566,1567,1.0,23.0,23.0,13.0,1,6,0
1567,1568,13.0,118.0,20.0,13.0,1,6,0
1568,1569,28.0,248.0,5.0,13.0,4,4,0
1569,1570,9.0,76.0,10.0,13.0,3,5,0
1570,1571,3.0,50.0,10.0,13.0,2,6,0
1571,1572,1.0,15.0,15.0,13.0,1,6,0
1572,1573,10.0,117.0,20.0,13.0,2,6,0
1573,1574,3.0,40.0,20.0,13.0,1,6,0
1574,1575,10.0,115.0,15.0,13.0,1,6,0
1575,1576,16.0,114.0,17.0,13.0,2,6,0
1576,1577,2.0,35.0,25.0,13.0,2,7,0
1577,1578,18.0,158.0,12.0,13.0,2,5,0
1578,1579,1.0,25.0,25.0,13.0,1,7,0
1579,1580,5.0,65.0,10.0,13.0,2,6,0
1580,1581,5.0,29.0,7.0,13.0,4,4,1
1581,1582,18.0,67.0,6.0,13.0,4,4,0
1582,1583,15.0,79.0,9.0,13.0,4,5,0
1583,1584,1.0,15.0,15.0,13.0,1,6,0
1584,1585,1.0,30.0,30.0,13.0,1,7,0
1585,1586,12.0,139.0,10.0,13.0,1,5,0
1586,1587,4.0,44.0,16.0,13.0,1,6,0
1587,1588,6.0,54.0,9.0,13.0,3,5,0
1588,1589,19.0,106.0,10.0,13.0,1,5,0
1589,1590,1.0,20.0,20.0,13.0,1,6,0
1590,1591,1.0,15.0,15.0,13.0,1,6,0
1591,1592,5.0,42.0,15.0,13.0,1,6,0
1592,1593,6.0,46.0,8.0,13.0,3,5,0
1593,1594,26.0,265.03125,20.0,13.0,1,6,0
1594,1595,16.0,149.0,10.0,13.0,2,6,0
1595,1596,9.0,150.0,20.0,13.0,1,6,0
1596,1597,15.0,91.0,6.0,13.0,3,4,0
1597,1598,7.0,33.0,5.0,13.0,4,4,0
1598,1599,8.0,33.0,4.0,13.0,4,5,0
1599,1600,7.0,92.0,20.0,13.0,1,6,0
1600,1601,10.0,50.0,5.0,13.0,4,4,1
1601,1602,6.0,99.0,20.0,13.0,3,6,0
1602,1603,2.0,30.0,20.0,13.0,2,6,0
1603,1604,1.0,15.0,15.0,13.0,1,6,1
1604,1605,6.0,54.0,6.0,13.0,3,5,0
1605,1606,24.0,104.5,4.0,13.0,3,4,0
1606,1607,12.0,154.0,20.0,13.0,1,6,0
1607,1608,4.0,91.0,26.0,13.0,3,7,0
1608,1609,1.0,25.0,25.0,13.0,1,7,0
1609,1610,1.0,25.0,25.0,13.0,1,7,0
1610,1611,4.0,36.0,10.0,13.0,3,5,0
1611,1612,5.0,38.0,10.0,13.0,3,5,1
1612,1613,20.0,76.0,10.0,13.0,4,5,0
1613,1614,2.0,50.0,25.0,13.0,2,7,0
1614,1615,1.0,15.0,15.0,13.0,1,6,0
1615,1616,6.0,85.0,20.0,13.0,3,6,0
1616,1617,7.0,100.0,20.0,13.0,3,6,0
1617,1618,1.0,20.0,20.0,13.0,1,6,0
1618,1619,8.0,75.0,15.0,13.0,3,6,0
1619,1620,10.0,135.25,35.0,13.0,1,7,0
1620,1621,7.0,125.0,20.0,13.0,2,6,0
1621,1622,3.0,31.0,11.0,13.0,3,6,0
1622,1623,22.0,88.0,5.0,13.0,3,4,0
1623,1624,1.0,15.0,15.0,13.0,1,6,0
1624,1625,26.0,230.0,15.0,13.0,3,7,0
1625,1626,8.0,67.0,10.0,13.0,4,5,0
1626,1627,29.0,170.0,6.0,13.0,4,4,0
1627,1628,8.0,195.0,25.0,13.0,2,7,0
1628,1629,2.0,35.0,25.0,13.0,2,7,0
1629,1630,29.0,265.03125,9.0,13.0,2,5,0
1630,1631,1.0,15.0,15.0,13.0,1,6,0
1631,1632,1.0,15.0,15.0,13.0,1,6,0
1632,1633,4.0,32.0,18.0,13.0,1,6,0
1633,1634,19.0,160.0,10.0,13.0,3,7,0
1634,1635,6.0,87.0,21.0,13.0,1,6,0
1635,1636,1.0,25.0,25.0,13.0,1,7,0
1636,1637,1.0,20.0,20.0,13.0,1,6,0
1637,1638,24.0,142.0,10.0,13.0,3,5,1
1638,1639,5.0,95.0,21.0,13.0,4,6,0
1639,1640,3.0,55.0,20.0,13.0,3,7,0
1640,1641,6.0,28.0,5.0,13.0,4,4,0
1641,1642,4.0,46.0,17.0,13.0,2,6,0
1642,1643,16.0,265.03125,35.0,13.0,3,7,0
1643,1644,8.0,86.06,20.0,13.0,2,6,0
1644,1645,20.0,190.0,25.0,13.0,2,7,0
1645,1646,8.0,107.0,10.0,13.0,2,5,0
1646,1647,8.0,48.5,10.0,13.0,3,5,0
1647,1648,1.0,20.0,20.0,13.0,1,6,0
1648,1649,4.0,115.0,35.0,13.0,1,7,0
1649,1650,29.0,167.0,5.0,13.0,4,5,0
1650,1651,13.0,41.0,3.0,13.0,4,4,0
1651,1652,7.0,227.0,35.0,13.0,4,7,0
1652,1653,17.0,251.0,20.0,13.0,4,6,0
1653,1654,1.0,20.0,20.0,12.0,1,6,1
1654,1655,12.0,62.0,3.0,12.0,4,4,1
1655,1656,17.0,245.0,20.0,12.0,4,6,1
1656,1657,7.0,179.0,29.0,12.0,2,7,1
1657,1658,5.0,24.0,3.0,12.0,4,5,1
1658,1659,9.0,57.0,15.0,12.0,2,6,1
1659,1660,22.0,263.0,13.0,12.0,4,6,1
1660,1661,29.0,160.0,3.0,12.0,4,4,1
1661,1662,11.0,126.0,15.0,12.0,3,6,1
1662,1663,17.0,181.0,20.0,12.0,2,6,1
1663,1664,3.0,55.0,25.0,12.0,1,7,1
1664,1665,12.0,39.0,3.0,12.0,4,4,1
1665,1666,26.0,117.0,3.0,12.0,3,4,1
1666,1667,11.0,73.0,6.0,12.0,4,4,1
1667,1668,15.0,119.0,8.0,12.0,4,5,1
1668,1669,23.0,72.5,5.0,12.0,3,4,1
1669,1670,2.0,28.0,25.0,12.0,1,7,1
1670,1671,2.0,25.0,10.0,12.0,2,6,1
1671,1672,2.0,21.0,6.0,12.0,2,6,1
1672,1673,17.0,74.0,5.0,12.0,3,4,1
1673,1674,20.0,265.0,25.0,12.0,2,7,1
1674,1675,20.0,63.0,5.0,12.0,3,4,1
1675,1676,2.0,21.0,6.0,12.0,2,6,1
1676,1677,3.0,40.0,15.0,12.0,2,6,1
1677,1678,9.0,128.0,20.0,12.0,4,6,1
1678,1679,20.0,88.0,5.0,12.0,4,4,1
1679,1680,1.0,20.0,20.0,12.0,1,6,1
1680,1681,29.0,100.75,3.0,12.0,4,4,1
1681,1682,18.0,94.0,6.0,12.0,3,4,1
1682,1683,20.0,265.03125,24.0,12.0,2,6,1
1683,1684,23.0,223.0,12.0,12.0,3,5,1
1684,1685,29.0,265.03125,9.0,12.0,3,4,1
1685,1686,11.0,112.0,14.0,12.0,2,5,1
1686,1687,28.0,94.0,3.0,12.0,4,4,1
1687,1688,1.0,20.0,20.0,12.0,1,6,1
1688,1689,19.0,121.0,10.0,12.0,2,5,1
1689,1690,26.0,159.0,5.0,12.0,4,5,1
1690,1691,12.0,110.0,10.0,12.0,4,6,1
1691,1692,29.0,265.03125,14.0,12.0,2,5,1
1692,1693,2.0,25.0,15.0,12.0,2,6,1
1693,1694,13.0,103.0,10.0,12.0,3,5,1
1694,1695,11.0,66.0,10.0,12.0,4,6,1
1695,1696,3.0,42.0,18.0,12.0,1,6,1
1696,1697,2.0,26.0,16.0,12.0,2,6,1
1697,1698,3.0,47.0,15.0,12.0,2,6,1
1698,1699,14.0,55.0,5.0,12.0,4,4,1
1699,1700,5.0,61.0,14.0,12.0,3,6,1
1700,1701,14.0,235.0,23.0,12.0,1,6,1
1701,1702,26.0,265.03125,16.0,12.0,1,6,1
1702,1703,15.0,173.0,21.0,12.0,2,6,1
1703,1704,21.0,224.0,18.0,12.0,3,6,1
1704,1705,16.0,150.0,20.0,12.0,1,6,1
1705,1706,4.0,44.0,17.0,12.0,2,6,1
1706,1707,11.0,129.0,17.0,12.0,1,6,1
1707,1708,6.0,31.0,10.0,12.0,3,5,1
1708,1709,6.0,38.0,8.0,12.0,4,5,1
1709,1710,27.0,179.0,15.0,12.0,2,6,1
1710,1711,5.0,33.0,7.0,12.0,4,4,1
1711,1712,16.0,76.0,3.0,12.0,4,4,1
1712,1713,1.0,20.0,20.0,12.0,1,6,1
1713,1714,29.0,224.5,10.0,12.0,3,6,1
1714,1715,8.0,93.0,15.0,12.0,2,6,1
1715,1716,6.0,107.0,10.0,12.0,2,6,1
1716,1717,9.0,111.0,20.0,12.0,3,6,1
1717,1718,14.0,169.0,15.0,12.0,3,6,1
1718,1719,5.0,31.0,7.0,12.0,4,4,1
1719,1720,7.0,35.0,5.0,12.0,4,4,1
1720,1721,17.0,104.0,5.0,12.0,4,4,1
1721,1722,13.0,163.0,15.0,12.0,2,6,1
1722,1723,10.0,88.0,15.0,12.0,2,6,1
1723,1724,24.0,229.0,12.0,12.0,4,5,0
1724,1725,18.0,119.0,10.0,12.0,2,5,0
1725,1726,15.0,88.0,10.0,12.0,1,5,1
1726,1727,9.0,106.0,14.0,12.0,4,7,0
1727,1728,2.0,40.0,20.0,12.0,2,6,0
1728,1729,20.0,265.03125,32.0,12.0,4,7,0
1729,1730,3.0,50.0,20.0,12.0,2,6,0
1730,1731,5.0,72.0,20.0,12.0,4,6,0
1731,1732,6.0,125.0,25.0,12.0,3,7,0
1732,1733,15.0,198.0,15.0,12.0,4,6,0
1733,1734,14.0,118.0,10.0,12.0,1,5,0
1734,1735,5.0,30.0,5.0,12.0,4,5,0
1735,1736,4.0,25.0,11.0,12.0,3,5,0
1736,1737,3.0,37.0,15.0,12.0,2,6,1
1737,1738,1.0,23.0,23.0,12.0,1,6,0
1738,1739,8.0,50.0,6.0,12.0,4,5,0
1739,1740,13.0,144.0,10.0,12.0,4,6,0
1740,1741,3.0,60.0,30.0,12.0,1,7,0
1741,1742,11.0,265.03125,35.0,12.0,2,7,0
1742,1743,7.0,37.0,6.0,12.0,4,4,0
1743,1744,23.0,131.0,10.0,12.0,3,6,0
1744,1745,9.0,117.0,25.0,12.0,1,7,0
1745,1746,1.0,15.0,15.0,12.0,1,6,0
1746,1747,10.0,62.0,6.0,12.0,3,5,0
1747,1748,9.0,148.0,10.0,12.0,2,6,0
1748,1749,4.0,42.0,10.0,12.0,4,5,0
1749,1750,11.0,101.0,10.0,12.0,2,5,0
1750,1751,8.0,42.0,5.0,12.0,4,4,0
1751,1752,29.0,222.0,6.0,12.0,4,4,0
1752,1753,11.0,109.0,12.0,12.0,4,5,0
1753,1754,3.0,64.0,22.0,12.0,1,6,0
1754,1755,8.0,162.0,25.0,12.0,2,7,0
1755,1756,25.0,217.0,16.0,12.0,1,6,0
1756,1757,11.0,123.0,16.0,12.0,3,6,0
1757,1758,12.0,113.0,10.0,12.0,2,5,0
1758,1759,22.0,265.03125,21.0,12.0,2,6,0
1759,1760,12.0,98.0,10.0,12.0,2,5,0
1760,1761,1.0,20.0,20.0,12.0,1,6,0
1761,1762,12.0,110.0,10.0,12.0,2,5,0
1762,1763,4.0,55.0,20.0,12.0,1,6,0
1763,1764,11.0,96.0,10.0,12.0,2,5,1
1764,1765,1.0,20.0,20.0,12.0,1,6,0
1765,1766,5.0,43.0,20.0,12.0,2,6,0
1766,1767,12.0,98.0,11.0,12.0,3,6,0
1767,1768,3.0,23.0,7.0,12.0,3,5,0
1768,1769,23.0,143.0,9.0,12.0,3,5,0
1769,1770,2.0,30.0,25.0,12.0,1,7,0
1770,1771,29.0,212.0,5.0,12.0,4,4,0
1771,1772,6.0,69.0,10.0,12.0,2,6,0
1772,1773,2.0,40.0,20.0,12.0,2,6,0
1773,1774,6.0,38.0,8.0,12.0,4,4,0
1774,1775,25.0,265.03125,35.0,12.0,1,7,0
1775,1776,14.0,160.0,10.0,12.0,1,5,0
1776,1777,4.0,46.0,20.0,12.0,1,6,0
1777,1778,4.0,37.0,10.0,12.0,2,6,0
1778,1779,13.0,171.0,19.0,12.0,3,6,0
1779,1780,13.0,118.7,12.0,12.0,3,5,0
1780,1781,6.0,58.0,10.0,12.0,4,5,0
1781,1782,11.0,45.0,10.0,12.0,3,5,0
1782,1783,5.0,56.0,14.0,12.0,3,5,0
1783,1784,3.0,16.0,3.0,12.0,3,5,0
1784,1785,7.0,49.0,5.0,12.0,3,5,0
1785,1786,8.0,165.0,24.0,12.0,4,7,0
1786,1787,29.0,265.03125,20.0,12.0,4,6,0
1787,1788,14.0,97.0,7.0,12.0,4,4,0
1788,1789,24.0,221.0,10.0,12.0,1,5,0
1789,1790,1.0,20.0,20.0,12.0,1,6,0
1790,1791,6.0,53.0,10.0,12.0,3,5,0
1791,1792,6.0,55.0,11.0,12.0,4,5,0
1792,1793,6.0,39.0,7.0,12.0,4,5,0
1793,1794,29.0,94.55,5.0,12.0,4,4,0
1794,1795,4.0,42.0,10.0,12.0,3,5,1
1795,1796,2.0,38.0,20.0,12.0,2,6,0
1796,1797,4.0,36.0,10.0,12.0,4,5,0
1797,1798,9.0,116.0,20.0,12.0,1,6,0
1798,1799,3.0,45.0,19.0,12.0,2,6,0
1799,1800,27.0,133.0,5.0,12.0,3,4,0
1800,1801,24.0,115.0,11.0,12.0,4,5,0
1801,1802,5.0,40.0,10.0,12.0,3,5,0
1802,1803,29.0,155.0,5.0,12.0,4,4,0
1803,1804,16.0,85.0,8.0,12.0,3,4,0
1804,1805,10.0,64.0,6.0,12.0,4,4,0
1805,1806,9.0,240.0,35.0,12.0,2,7,0
1806,1807,1.0,15.0,15.0,12.0,1,6,0
1807,1808,4.0,57.0,15.0,12.0,2,6,0
1808,1809,1.0,15.0,15.0,12.0,1,6,0
1809,1810,29.0,173.0,7.0,12.0,2,5,0
1810,1811,13.0,151.0,10.0,12.0,2,5,0
1811,1812,15.0,112.0,15.0,12.0,1,6,0
1812,1813,21.0,265.03125,30.0,12.0,2,7,0
1813,1814,12.0,127.0,15.0,12.0,3,6,0
1814,1815,12.0,78.0,7.0,12.0,4,4,0
1815,1816,11.0,35.0,2.0,12.0,4,4,0
1816,1817,2.0,50.0,25.0,12.0,1,7,0
1817,1818,2.0,45.0,25.0,12.0,1,7,0
1818,1819,5.0,80.0,10.0,12.0,3,7,1
1819,1820,7.0,54.0,9.0,12.0,3,5,0
1820,1821,24.0,117.0,5.0,12.0,4,5,0
1821,1822,8.0,45.0,7.0,12.0,3,5,0
1822,1823,10.0,80.0,12.0,12.0,2,5,0
1823,1824,10.0,68.0,10.0,12.0,3,5,0
1824,1825,7.0,47.0,3.0,12.0,4,4,0
1825,1826,5.0,46.0,10.0,12.0,4,5,0
1826,1827,18.0,107.0,15.0,12.0,4,6,1
1827,1828,3.0,51.0,21.0,12.0,1,6,0
1828,1829,3.0,44.0,18.0,12.0,1,6,0
1829,1830,29.0,265.03125,25.0,12.0,3,7,0
1830,1831,13.0,136.0,10.0,12.0,3,6,0
1831,1832,13.0,35.0,10.0,12.0,2,5,0
1832,1833,1.0,20.0,20.0,12.0,1,6,0
1833,1834,15.0,230.0,15.0,12.0,1,6,0
1834,1835,2.0,20.0,15.0,12.0,2,6,0
1835,1836,20.0,61.5,3.0,12.0,3,4,0
1836,1837,2.0,30.0,20.0,12.0,2,6,0
1837,1838,6.0,48.0,10.0,12.0,3,5,0
1838,1839,9.0,68.0,10.0,12.0,4,5,1
1839,1840,7.0,66.0,15.0,12.0,1,6,1
1840,1841,5.0,47.0,15.0,12.0,1,6,0
1841,1842,7.0,45.0,7.0,12.0,4,4,0
1842,1843,3.0,51.0,25.0,12.0,2,6,0
1843,1844,13.0,71.0,6.0,12.0,4,4,0
1844,1845,27.0,145.0,4.0,12.0,3,4,0
1845,1846,2.0,28.0,25.0,12.0,2,7,0
1846,1847,3.0,23.0,10.0,12.0,3,5,0
1847,1848,9.0,172.0,25.0,12.0,3,7,0
1848,1849,3.0,32.0,12.0,12.0,3,5,1
1849,1850,11.0,157.0,10.0,12.0,2,6,0
1850,1851,5.0,32.0,6.0,12.0,4,5,0
1851,1852,11.0,130.0,14.0,12.0,3,6,0
1852,1853,5.0,44.0,11.0,12.0,3,5,0
1853,1854,29.0,175.0,6.0,12.0,4,4,1
1854,1855,13.0,109.0,10.0,12.0,2,6,0
1855,1856,16.0,131.5,8.0,12.0,4,4,0
1856,1857,21.0,110.0,5.0,12.0,4,4,0
1857,1858,6.0,36.0,6.0,12.0,3,5,0
1858,1859,9.0,52.0,5.0,12.0,4,4,0
1859,1860,8.0,89.0,20.0,12.0,1,6,0
1860,1861,3.0,26.0,10.0,12.0,3,5,0
1861,1862,2.0,25.0,15.0,12.0,2,6,0
1862,1863,21.0,162.0,9.0,12.0,3,5,0
1863,1864,19.0,131.0,8.0,12.0,4,4,0
1864,1865,7.0,47.98,6.0,12.0,3,5,0
1865,1866,12.0,112.0,12.0,12.0,3,5,0
1866,1867,3.0,49.0,17.0,12.0,2,6,0
1867,1868,11.0,91.0,12.0,12.0,2,5,0
1868,1869,21.0,81.0,2.0,12.0,4,4,0
1869,1870,3.0,30.0,10.0,12.0,3,5,0
1870,1871,19.0,137.0,8.0,12.0,4,5,0
1871,1872,17.0,108.0,10.0,12.0,2,5,1
1872,1873,6.0,76.0,20.0,12.0,1,6,0
1873,1874,7.0,125.0,25.0,12.0,1,7,0
1874,1875,6.0,69.0,14.0,12.0,3,6,0
1875,1876,11.0,116.0,16.0,12.0,2,6,0
1876,1877,12.0,126.0,10.0,12.0,1,5,0
1877,1878,13.0,265.03125,20.0,12.0,2,6,0
1878,1879,24.0,195.0,10.0,12.0,2,5,0
1879,1880,3.0,50.0,20.0,12.0,3,6,0
1880,1881,4.0,42.0,12.0,12.0,2,6,0
1881,1882,16.0,160.0,12.0,12.0,1,5,0
1882,1883,3.0,32.0,10.0,12.0,3,5,0
1883,1884,11.0,80.9,10.0,12.0,4,5,0
1884,1885,6.0,80.0,20.0,12.0,2,6,0
1885,1886,2.0,25.0,10.0,12.0,2,6,0
1886,1887,20.0,157.0,10.0,12.0,1,5,0
1887,1888,7.0,74.0,10.0,12.0,3,5,0
1888,1889,3.0,30.0,10.0,11.0,1,6,0
1889,1890,8.0,52.0,7.0,11.0,3,5,0
1890,1891,20.0,265.03125,35.0,11.0,1,7,0
1891,1892,21.0,192.0,10.0,11.0,1,5,0
1892,1893,29.0,165.0,5.0,11.0,3,4,0
1893,1894,23.0,249.0,10.0,11.0,1,5,0
1894,1895,23.0,172.0,10.0,10.0,3,5,0
1895,1896,16.0,265.03125,24.0,9.0,2,6,1
1896,1897,14.0,241.0,25.0,9.0,3,7,0
1897,1898,15.0,212.0,14.0,9.0,2,6,0
1898,1899,29.0,265.03125,5.0,8.0,4,5,1
1899,1900,29.0,265.03125,8.0,8.0,3,5,1
1900,1901,15.0,143.0,0.0,8.0,1,5,1
1901,1902,20.0,106.0,7.0,8.0,1,5,0
1902,1903,29.0,221.0,10.0,8.0,1,5,0
1903,1904,12.0,221.0,15.0,8.0,1,6,0
1904,1905,12.0,114.0,15.0,7.0,3,6,1
1905,1906,6.0,65.0,15.0,7.0,4,5,0
1906,1907,12.0,148.0,10.0,7.0,3,6,0
1907,1908,29.0,265.03125,10.0,7.0,4,5,0
1908,1909,13.0,157.0,10.0,7.0,2,6,0
1909,1910,14.0,145.0,15.0,7.0,1,6,0
1910,1911,18.0,138.0,1.0,7.0,3,5,0
1911,1912,10.0,177.0,30.0,7.0,2,7,1
1912,1913,19.0,117.0,5.0,7.0,4,4,1
1913,1914,11.0,265.03125,35.0,7.0,3,7,1
1914,1915,22.0,82.0,3.0,7.0,4,4,1
1915,1916,13.0,115.0,10.0,7.0,4,5,0
1916,1917,24.0,121.07,6.0,7.0,3,4,0
1917,1918,10.0,86.0,15.0,7.0,2,6,0
1918,1919,15.0,215.0,23.0,7.0,2,7,0
1919,1920,13.0,221.0,20.0,7.0,1,6,0
1920,1921,26.0,265.03125,11.0,7.0,1,5,1
1921,1922,22.0,171.0,10.0,7.0,4,5,1
1922,1923,8.0,265.03125,35.0,7.0,1,7,1
1923,1924,11.0,64.0,0.0,7.0,2,5,1
1924,1925,15.0,80.0,7.0,7.0,4,5,1
1925,1926,9.0,62.0,10.0,7.0,3,5,0
1926,1927,9.0,105.0,10.0,7.0,4,6,0
1927,1928,5.0,65.0,20.0,7.0,1,6,0
1928,1929,13.0,99.0,10.0,7.0,1,6,0
1929,1930,6.0,75.0,10.0,7.0,1,6,1
1930,1931,16.0,180.0,15.0,7.0,1,6,0
1931,1932,26.0,210.0,8.0,7.0,1,5,1
1932,1933,9.0,125.0,15.0,7.0,3,6,1
1933,1934,29.0,265.03125,35.0,7.0,1,7,1
1934,1935,26.0,195.0,10.0,7.0,2,7,1
1935,1936,12.0,71.0,7.0,7.0,4,4,1
1936,1937,22.0,195.0,7.0,7.0,3,5,1
1937,1938,13.0,127.0,10.0,7.0,4,5,1
1938,1939,3.0,40.0,10.0,7.0,1,6,0
1939,1940,6.0,175.0,25.0,7.0,1,7,0
1940,1941,26.0,103.0,5.0,7.0,3,4,0
1941,1942,5.0,265.03125,35.0,7.0,1,7,0
1942,1943,22.0,155.0,15.0,7.0,4,6,0
1943,1944,10.0,115.0,25.0,7.0,1,7,0
1944,1945,14.0,185.0,20.0,7.0,2,6,1
1945,1946,11.0,63.0,5.0,7.0,3,5,1
1946,1947,9.0,118.0,10.0,7.0,4,6,1
1947,1948,20.0,97.0,5.0,7.0,3,5,1
1948,1949,12.0,186.0,25.0,7.0,1,7,1
1949,1950,20.0,158.0,5.0,7.0,3,4,1
1950,1951,17.0,145.01,18.0,7.0,1,5,0
1951,1952,20.0,265.03125,35.0,7.0,4,7,0
1952,1953,18.0,182.0,10.0,7.0,1,5,0
1953,1954,29.0,257.0,10.0,7.0,2,6,0
1954,1955,7.0,200.0,25.0,7.0,1,7,0
1955,1956,6.0,230.0,20.0,7.0,1,6,0
1956,1957,20.0,265.03125,24.0,7.0,4,6,0
1957,1958,8.0,121.0,10.0,7.0,2,6,0
1958,1959,29.0,223.94,3.0,7.0,4,4,0
1959,1960,15.0,176.0,0.0,7.0,1,5,0
1960,1961,19.0,265.03125,20.0,7.0,2,7,0
1961,1962,15.0,265.03125,35.0,7.0,1,7,0
1962,1963,9.0,70.0,0.0,7.0,1,6,0
1963,1964,14.0,90.0,5.0,7.0,3,5,0
1964,1965,28.0,265.03125,35.0,7.0,4,7,1
1965,1966,17.0,86.0,10.0,7.0,4,5,0
1966,1967,10.0,265.03125,30.0,7.0,1,7,0
1967,1968,17.0,113.0,10.0,7.0,4,5,1
1968,1969,5.0,75.0,0.0,7.0,1,6,0
1969,1970,23.0,207.0,10.0,7.0,1,5,0
1970,1971,17.0,191.0,5.0,7.0,2,6,1
1971,1972,13.0,123.0,10.0,7.0,2,5,0
1972,1973,17.0,147.0,0.0,7.0,1,5,1
1973,1974,14.0,226.0,25.0,7.0,2,6,1
1974,1975,27.0,265.03125,30.0,7.0,2,7,1
1975,1976,7.0,265.03125,35.0,7.0,1,7,1
1976,1977,7.0,68.0,5.0,7.0,3,5,1
1977,1978,25.0,136.5,5.0,7.0,3,5,1
1978,1979,14.0,88.0,5.0,7.0,4,4,1
1979,1980,29.0,265.03125,8.0,7.0,1,5,1
1980,1981,29.0,173.0,5.0,7.0,3,4,1
1981,1982,29.0,201.0,8.0,7.0,4,4,1
1982,1983,12.0,265.03125,25.0,7.0,1,7,1
1983,1984,18.0,138.0,5.0,7.0,4,5,1
1984,1985,25.0,216.0,10.0,7.0,3,5,1
1985,1986,20.0,150.0,8.0,7.0,4,4,1
1986,1987,1.0,20.0,0.0,7.0,1,6,0
1987,1988,12.0,106.0,10.0,7.0,2,5,0
1988,1989,25.0,220.0,10.0,7.0,4,5,0
1989,1990,29.0,257.0,0.0,7.0,4,5,0
1990,1991,12.0,265.03125,35.0,7.0,4,7,0
1991,1992,16.0,262.0,15.0,7.0,4,6,0
1992,1993,22.0,218.0,15.0,7.0,2,5,0
1993,1994,5.0,105.0,25.0,7.0,1,7,0
1994,1995,7.0,64.0,15.0,7.0,4,5,0
1995,1996,12.0,105.0,20.0,7.0,2,6,0
1996,1997,29.0,265.03125,5.0,7.0,2,6,0
1997,1998,7.0,265.03125,35.0,7.0,1,7,0
1998,1999,5.0,77.0,25.0,7.0,1,7,0
1999,2000,29.0,265.03125,31.0,7.0,1,6,0
